{"products":[{"id":1,"name":"Practical Soft Ball","description":"Sunt consequuntur ratione. Repellat deserunt consequatur enim. Quia vitae ipsam. Repellendus itaque quo nam omnis aut. Ex et iusto. Dolores et consectetur voluptatem hic est est eos ut debitis.","price":"699.00","imageUrl":"https://source.unsplash.com/1600x900/?product","quantity":70408},{"id":2,"name":"Awesome Wooden Cheese","description":"Nihil dicta consectetur vel dolor labore soluta modi sapiente. A impedit et aut. Tenetur modi tempora. Officia aut sunt unde omnis omnis quia doloremque.","price":"469.00","imageUrl":"https://source.unsplash.com/1600x900/?product","quantity":43798},{"id":3,"name":"Generic Fresh Shoes","description":"Ea enim dolor repudiandae. Exercitationem omnis porro quidem.","price":"887.00","imageUrl":"https://source.unsplash.com/1600x900/?product","quantity":46416},{"id":4,"name":"Incredible Plastic Chicken","description":"Voluptatem aut velit quia. Enim modi consequatur a ut labore et unde officia. Aliquid qui perferendis est blanditiis deserunt temporibus et. Quia veritatis velit.","price":"925.00","imageUrl":"https://source.unsplash.com/1600x900/?product","quantity":45160},{"id":5,"name":"Awesome Frozen Ball","description":"Aut aliquid possimus sunt voluptas voluptatem saepe molestias. Voluptas sequi officiis fugiat. Omnis aperiam consequuntur. Qui vero aut aut pariatur.","price":"793.00","imageUrl":"https://source.unsplash.com/1600x900/?product","quantity":67756},{"id":6,"name":"Handmade Frozen Computer","description":"Id officiis explicabo et voluptas tenetur consectetur. Cumque omnis eveniet aut labore aut corrupti quia temporibus quidem. Distinctio esse cum hic libero natus. Illum officiis debitis ut ipsa quaerat incidunt.","price":"844.00","imageUrl":"https://source.unsplash.com/1600x900/?product","quantity":16587},{"id":7,"name":"Tasty Frozen Chair","description":"Voluptate aliquid asperiores. Nemo non laborum tenetur dignissimos quod et corporis et qui.","price":"77.00","imageUrl":"https://source.unsplash.com/1600x900/?product","quantity":62428},{"id":8,"name":"Intelligent Rubber Keyboard","description":"Voluptates et veniam dolorem officiis. Laudantium sequi sed vitae incidunt sapiente. Reprehenderit tempore voluptatibus animi cum cum et.","price":"979.00","imageUrl":"https://source.unsplash.com/1600x900/?product","quantity":82552},{"id":9,"name":"Gorgeous Metal Shoes","description":"Consequatur vel sunt nisi officiis sint et. Voluptate ut optio nam et harum voluptatibus ut magnam. Consequatur sunt necessitatibus. Aut minus quibusdam eos et aut. Natus aut culpa qui delectus est doloremque perspiciatis dolores nihil. Sapiente quod dolores.","price":"893.00","imageUrl":"https://source.unsplash.com/1600x900/?product","quantity":62394},{"id":10,"name":"Fantastic Rubber Shoes","description":"Molestiae molestias maiores itaque. Et qui enim modi. Eum nisi deleniti. Beatae itaque deleniti sapiente et quia perspiciatis maxime itaque ut.","price":"582.00","imageUrl":"https://source.unsplash.com/1600x900/?product","quantity":68045},{"id":11,"name":"Sleek Concrete Sausages","description":"Eligendi ab doloremque eveniet commodi mollitia modi ut. Qui laboriosam dolores rerum. Fuga cum minus ea qui accusantium illum.","price":"485.00","imageUrl":"https://source.unsplash.com/1600x900/?product","quantity":16941},{"id":12,"name":"Handcrafted Fresh Chips","description":"Eligendi eaque enim. Dolores quisquam repellendus vitae est delectus sapiente dolores fugiat. Et fugit repellat occaecati facere. Voluptas est ut eaque.","price":"728.00","imageUrl":"https://source.unsplash.com/1600x900/?product","quantity":5035},{"id":13,"name":"Generic Steel Sausages","description":"Quia voluptates dolores et ut ut enim saepe aut. Id dolores sint. Ea aperiam dolore incidunt. Molestiae sed dicta repellat voluptatum unde. Nam cum aut nobis et ipsum est minima ut vitae. Est aut architecto numquam necessitatibus.","price":"89.00","imageUrl":"https://source.unsplash.com/1600x900/?product","quantity":70718},{"id":14,"name":"Small Granite Pants","description":"Eum quis accusantium quidem ut omnis non accusamus. Praesentium consequatur sint maxime facere. Et expedita sint ipsa et excepturi maiores aut veritatis consectetur. Molestiae necessitatibus sed fuga et ut sit necessitatibus alias voluptatum. Et ipsa corporis.","price":"733.00","imageUrl":"https://source.unsplash.com/1600x900/?product","quantity":7159},{"id":15,"name":"Practical Plastic Pants","description":"Dolorem dolorem explicabo vero harum. Exercitationem ut qui ea sunt rerum est tenetur. Odit ea quaerat et odit rerum consectetur. Alias sit expedita. Ad qui nobis cumque quo sit quasi. Est omnis officia iste eos mollitia libero.","price":"147.00","imageUrl":"https://source.unsplash.com/1600x900/?product","quantity":19931},{"id":16,"name":"Sleek Wooden Sausages","description":"Laudantium autem animi. Illo dicta recusandae non reprehenderit. Mollitia excepturi voluptatem est beatae est omnis occaecati autem. Eveniet quod sed sapiente velit laborum qui eum.","price":"221.00","imageUrl":"https://source.unsplash.com/1600x900/?product","quantity":6033},{"id":17,"name":"Tasty Plastic Table","description":"Enim eligendi asperiores qui vel qui ullam nisi minus possimus. Qui odit numquam nobis et. Quis natus voluptatum error vel sed et facilis repellat. Consequuntur omnis temporibus eos qui qui quod est. Sit vel dolore sint ab quisquam ratione odio aut. Et quia totam saepe et.","price":"893.00","imageUrl":"https://source.unsplash.com/1600x900/?product","quantity":47736},{"id":18,"name":"Ergonomic Steel Table","description":"Sit sit incidunt unde dolorem non. Dolor laudantium sit et aliquid illo omnis.","price":"335.00","imageUrl":"https://source.unsplash.com/1600x900/?product","quantity":47147},{"id":19,"name":"Unbranded Frozen Chair","description":"Quis molestiae est modi hic dolor vero corporis. Sit ratione corporis est ut et accusamus. Dignissimos rerum aliquid.","price":"976.00","imageUrl":"https://source.unsplash.com/1600x900/?product","quantity":60484},{"id":20,"name":"Incredible Frozen Chair","description":"Optio natus velit ut et repellendus. Et ipsam incidunt.","price":"916.00","imageUrl":"https://source.unsplash.com/1600x900/?product","quantity":76770},{"id":21,"name":"Sleek Rubber Pizza","description":"Ullam excepturi necessitatibus est mollitia et cum. Amet aut aspernatur nemo debitis libero sed molestiae.","price":"678.00","imageUrl":"https://source.unsplash.com/1600x900/?product","quantity":35569},{"id":22,"name":"Fantastic Frozen Gloves","description":"Est rerum quae voluptatibus odit sunt autem maiores non reprehenderit. Sint aut veritatis in iste vel dolor. Itaque magni voluptas non quo. Omnis aspernatur quis animi et ipsa pariatur officia. Qui praesentium velit quidem quis animi quia. Atque et quod ducimus maiores corrupti iste.","price":"572.00","imageUrl":"https://source.unsplash.com/1600x900/?product","quantity":92380},{"id":23,"name":"Rustic Concrete Car","description":"Qui eum eum ipsum cupiditate aspernatur sed sunt quaerat quo. Quia aut quia ad officiis totam quisquam natus corporis et.","price":"213.00","imageUrl":"https://source.unsplash.com/1600x900/?product","quantity":47895},{"id":24,"name":"Unbranded Frozen Sausages","description":"Sunt dicta inventore reprehenderit. Error odio cupiditate debitis sequi. Pariatur voluptate eligendi itaque ea nihil placeat earum. Natus aspernatur omnis iure provident necessitatibus illo ut nesciunt eveniet. Maxime quis quia non aperiam unde sunt eaque dolor et. Aperiam assumenda vel saepe minus minima deleniti.","price":"151.00","imageUrl":"https://source.unsplash.com/1600x900/?product","quantity":59280},{"id":25,"name":"Handcrafted Granite Ball","description":"Labore omnis blanditiis nihil. Culpa pariatur voluptas ab vel inventore libero quam occaecati.","price":"851.00","imageUrl":"https://source.unsplash.com/1600x900/?product","quantity":32699},{"id":26,"name":"Small Granite Cheese","description":"Ut voluptatum eius minima non. Possimus minus voluptatem sed pariatur necessitatibus.","price":"465.00","imageUrl":"https://source.unsplash.com/1600x900/?product","quantity":43571},{"id":27,"name":"Intelligent Soft Tuna","description":"Minima atque magni consectetur doloremque quas sit dolorem. Dolore consequuntur nisi non nihil. Qui sit sed quia.","price":"968.00","imageUrl":"https://source.unsplash.com/1600x900/?product","quantity":46816},{"id":28,"name":"Fantastic Wooden Shirt","description":"Non magnam consequatur rerum doloribus. Quia praesentium molestiae nobis quibusdam repellat est modi. Dolorum sapiente omnis consequatur et placeat molestias. Non porro cum enim nobis quia repudiandae. Accusantium vel nobis natus doloribus necessitatibus ullam voluptatem beatae.","price":"677.00","imageUrl":"https://source.unsplash.com/1600x900/?product","quantity":64250},{"id":29,"name":"Licensed Steel Fish","description":"Ab eos at. Optio est perspiciatis excepturi amet minima autem ab consequatur consequatur. Delectus non ratione in repellendus aut consequatur magni. Beatae suscipit dolorem. Aut deserunt voluptas optio perspiciatis mollitia exercitationem velit sapiente.","price":"256.00","imageUrl":"https://source.unsplash.com/1600x900/?product","quantity":91020},{"id":30,"name":"Ergonomic Fresh Towels","description":"Autem ut dolorem corrupti autem sit autem laboriosam omnis est. Reiciendis suscipit commodi vel eius vero vel possimus itaque atque. Eum nostrum fuga tempora perspiciatis aspernatur. Commodi ut pariatur ut voluptatem iure. Adipisci eligendi quod. Nesciunt esse voluptas numquam porro nemo est.","price":"719.00","imageUrl":"https://source.unsplash.com/1600x900/?product","quantity":53391},{"id":31,"name":"Tasty Fresh Soap","description":"Placeat accusantium ut et. Quisquam ipsam omnis aut repellat.","price":"310.00","imageUrl":"https://source.unsplash.com/1600x900/?product","quantity":34922},{"id":32,"name":"Small Metal Salad","description":"Sed in voluptates alias sapiente. Aut eveniet nostrum. Repudiandae minima sit consequatur aut. Deserunt eligendi delectus. Eum aut magni sunt. Labore beatae fuga aliquid rerum natus voluptas.","price":"57.00","imageUrl":"https://source.unsplash.com/1600x900/?product","quantity":43782},{"id":33,"name":"Refined Metal Sausages","description":"Ea maxime temporibus est facere ipsa aliquid. Natus rerum sunt maxime nihil quam velit optio pariatur. Soluta facilis id esse repudiandae odit.","price":"646.00","imageUrl":"https://source.unsplash.com/1600x900/?product","quantity":7438},{"id":34,"name":"Fantastic Steel Bacon","description":"Eligendi rerum voluptatum esse est illo recusandae tempore. At dolores officia. Repudiandae consequuntur asperiores.","price":"906.00","imageUrl":"https://source.unsplash.com/1600x900/?product","quantity":18838},{"id":35,"name":"Tasty Wooden Soap","description":"Explicabo tempore deserunt dolorem. Consequatur aperiam est eum est aut fugiat.","price":"769.00","imageUrl":"https://source.unsplash.com/1600x900/?product","quantity":78998},{"id":36,"name":"Ergonomic Wooden Ball","description":"Laudantium vero distinctio voluptates omnis. Harum inventore pariatur doloremque iusto nam vel qui perferendis cumque. Et sed porro ullam non id id nulla. Ipsa nihil officia earum recusandae.","price":"305.00","imageUrl":"https://source.unsplash.com/1600x900/?product","quantity":10703},{"id":37,"name":"Rustic Rubber Pants","description":"Cumque vel consequuntur. Assumenda facilis facere dicta consequatur est.","price":"273.00","imageUrl":"https://source.unsplash.com/1600x900/?product","quantity":41040},{"id":38,"name":"Small Rubber Sausages","description":"Fugiat laboriosam dolorum nobis totam similique sunt commodi doloribus et. Sit voluptatem rerum et. Veniam dolore qui nulla dolores enim impedit labore.","price":"678.00","imageUrl":"https://source.unsplash.com/1600x900/?product","quantity":96160},{"id":39,"name":"Handcrafted Steel Sausages","description":"Eius assumenda quis velit eos illo magni facilis explicabo. Repellat similique et ut accusantium temporibus. Odit iure id. Voluptatem voluptatem qui velit quia hic. Provident deleniti eos consequuntur. Alias eum hic nisi error dolorem sed id ducimus quae.","price":"633.00","imageUrl":"https://source.unsplash.com/1600x900/?product","quantity":87959},{"id":40,"name":"Incredible Granite Pants","description":"Quia delectus facere dolorem. Libero facere fuga aspernatur natus laborum et quo voluptatum assumenda. Voluptas dolores unde.","price":"753.00","imageUrl":"https://source.unsplash.com/1600x900/?product","quantity":68206},{"id":41,"name":"Practical Frozen Sausages","description":"Velit cumque totam hic ut quis omnis. Qui suscipit molestiae voluptas et. Aut accusantium est assumenda eveniet eos sint. Sed ut tempore atque sapiente. Enim qui voluptatem sunt et sit iusto.","price":"879.00","imageUrl":"https://source.unsplash.com/1600x900/?product","quantity":57086},{"id":42,"name":"Intelligent Soft Shoes","description":"Eaque reprehenderit ipsum vero a aspernatur praesentium vel voluptatem ullam. Sed ea vel iusto necessitatibus doloremque. Et deserunt quia exercitationem molestias fugit accusantium et asperiores corporis. Fugiat quibusdam enim ea facere aut iusto a.","price":"182.00","imageUrl":"https://source.unsplash.com/1600x900/?product","quantity":61941},{"id":43,"name":"Incredible Frozen Fish","description":"Ut cupiditate libero harum. Aut necessitatibus qui sit. Distinctio accusantium non dolorem hic eaque voluptas architecto maiores. Doloremque amet odit maiores numquam odit quidem rem est.","price":"157.00","imageUrl":"https://source.unsplash.com/1600x900/?product","quantity":20430},{"id":44,"name":"Small Granite Chips","description":"Similique eaque qui ut quia officia qui quis. Sit illo eaque amet tempora sint aliquam ab suscipit necessitatibus. Possimus sequi et et voluptas quis et. Occaecati sit doloremque. Et molestiae aut tenetur nulla dolorem quo.","price":"763.00","imageUrl":"https://source.unsplash.com/1600x900/?product","quantity":86107},{"id":45,"name":"Generic Granite Sausages","description":"Iste voluptate quaerat ex pariatur voluptas. Quia libero reprehenderit reprehenderit possimus rerum. Explicabo sit ipsa perspiciatis voluptatibus natus. Autem impedit et sint eaque rerum aperiam. Quia saepe aliquam molestiae.","price":"489.00","imageUrl":"https://source.unsplash.com/1600x900/?product","quantity":94629},{"id":46,"name":"Refined Frozen Chair","description":"Repellendus labore odit debitis a consequatur temporibus. Velit natus ut ut et quidem sint maiores.","price":"598.00","imageUrl":"https://source.unsplash.com/1600x900/?product","quantity":23701},{"id":47,"name":"Unbranded Soft Sausages","description":"Eos et fugiat fugit. Doloremque iste magni quam perspiciatis. Aut iste quo nulla natus adipisci tempore quia aut. Magni maiores dolor non iusto veniam. Laborum omnis cum.","price":"878.00","imageUrl":"https://source.unsplash.com/1600x900/?product","quantity":65853},{"id":48,"name":"Intelligent Frozen Ball","description":"Quibusdam non itaque assumenda. Laboriosam rerum similique eum.","price":"727.00","imageUrl":"https://source.unsplash.com/1600x900/?product","quantity":95195},{"id":49,"name":"Awesome Soft Sausages","description":"Eveniet est veniam quaerat assumenda aut. Facilis quis voluptas ducimus vel aut quibusdam non rerum. Totam culpa modi doloribus commodi cum dolorem vitae. Quo ab et non. Quam similique soluta atque.","price":"368.00","imageUrl":"https://source.unsplash.com/1600x900/?product","quantity":57667},{"id":50,"name":"Incredible Concrete Gloves","description":"Officiis qui neque. Labore et laboriosam magni qui.","price":"443.00","imageUrl":"https://source.unsplash.com/1600x900/?product","quantity":92643},{"id":51,"name":"Intelligent Frozen Table","description":"Ea odit aut perspiciatis numquam neque omnis. Possimus enim voluptas nostrum quia architecto. Eveniet qui blanditiis ad corporis. Magnam quod optio ex et deleniti. Debitis nihil corporis recusandae. In omnis aliquam.","price":"10.00","imageUrl":"https://source.unsplash.com/1600x900/?product","quantity":8713},{"id":52,"name":"Incredible Plastic Towels","description":"Fuga provident saepe provident temporibus reprehenderit. Ut rerum debitis dolores voluptatibus cupiditate tempore. Non consequatur qui error est.","price":"70.00","imageUrl":"https://source.unsplash.com/1600x900/?product","quantity":12302},{"id":53,"name":"Small Metal Fish","description":"Eaque molestias ratione sunt quis fugiat et ut minus. Quae aut nobis omnis fugiat. Temporibus pariatur vel in cumque voluptatem. Sunt excepturi qui nisi libero. Eaque quidem eligendi.","price":"341.00","imageUrl":"https://source.unsplash.com/1600x900/?product","quantity":53532},{"id":54,"name":"Awesome Frozen Chips","description":"Aut voluptate et. Commodi fugit impedit inventore voluptate distinctio autem error et. Fuga aperiam animi sequi sed doloremque praesentium dolores tempora. Sint reprehenderit aut pariatur pariatur fugiat quo porro corrupti explicabo.","price":"447.00","imageUrl":"https://source.unsplash.com/1600x900/?product","quantity":56194},{"id":55,"name":"Intelligent Metal Fish","description":"Repellendus quo ea assumenda ea sit fuga. Inventore odio illum laudantium dolor. Cupiditate et ex quia quo nobis. Eius eos qui delectus. Voluptatum quasi modi aut. Vel molestiae provident quod facere deserunt sint.","price":"212.00","imageUrl":"https://source.unsplash.com/1600x900/?product","quantity":28876},{"id":56,"name":"Small Fresh Chips","description":"Molestias cumque aut ea deleniti. Dolorum quis placeat sit et voluptatem. Excepturi harum dolor. Sit est fugiat vero nihil eum repudiandae.","price":"799.00","imageUrl":"https://source.unsplash.com/1600x900/?product","quantity":27346},{"id":57,"name":"Rustic Rubber Shirt","description":"Sed illum porro voluptas voluptas sed ullam in voluptas. Perspiciatis autem animi voluptatem.","price":"202.00","imageUrl":"https://source.unsplash.com/1600x900/?product","quantity":40309},{"id":58,"name":"Sleek Plastic Chicken","description":"Et quaerat alias est sint et ipsam ab assumenda. Rerum voluptates aut eaque aut. Laborum sint qui corporis at impedit.","price":"932.00","imageUrl":"https://source.unsplash.com/1600x900/?product","quantity":1343},{"id":59,"name":"Unbranded Wooden Tuna","description":"Dolores ut ea. Natus et quis quis neque est. Minus maxime rerum id et. Aut magni modi. Adipisci tempora voluptatum culpa.","price":"75.00","imageUrl":"https://source.unsplash.com/1600x900/?product","quantity":61456},{"id":60,"name":"Fantastic Granite Bacon","description":"Et eos adipisci id quis. Eveniet excepturi reprehenderit nulla officiis consequatur aut. Quo totam distinctio et autem aspernatur ut aliquid dolor.","price":"143.00","imageUrl":"https://source.unsplash.com/1600x900/?product","quantity":68845},{"id":61,"name":"Gorgeous Plastic Chips","description":"Asperiores fugiat amet eos quibusdam. Sunt illum est labore maxime architecto nulla.","price":"604.00","imageUrl":"https://source.unsplash.com/1600x900/?product","quantity":26612},{"id":62,"name":"Handmade Granite Shoes","description":"Nobis animi est debitis reprehenderit sunt. Qui maxime sapiente. Quo voluptatibus velit illo suscipit quas magni.","price":"682.00","imageUrl":"https://source.unsplash.com/1600x900/?product","quantity":16576},{"id":63,"name":"Tasty Frozen Pizza","description":"Tenetur asperiores et. Numquam facilis illo dolor dignissimos quod in ratione dolore.","price":"699.00","imageUrl":"https://source.unsplash.com/1600x900/?product","quantity":78925},{"id":64,"name":"Incredible Cotton Gloves","description":"Voluptatem ut non omnis commodi nobis. Facere quo sequi error excepturi et. Harum possimus voluptate saepe.","price":"673.00","imageUrl":"https://source.unsplash.com/1600x900/?product","quantity":64164},{"id":65,"name":"Generic Steel Fish","description":"Eveniet ducimus doloribus. Architecto qui eligendi ducimus quasi illo asperiores.","price":"264.00","imageUrl":"https://source.unsplash.com/1600x900/?product","quantity":81123},{"id":66,"name":"Unbranded Steel Pants","description":"Iste est consequatur voluptatibus totam repellendus similique. Qui cum et inventore repudiandae et saepe est. Est cupiditate libero et et. Quibusdam iusto provident nisi corporis officia tempora cum ut.","price":"221.00","imageUrl":"https://source.unsplash.com/1600x900/?product","quantity":12330},{"id":67,"name":"Fantastic Frozen Mouse","description":"Veniam eos vel minus voluptas assumenda. Asperiores delectus dolores quisquam ipsum. Est qui impedit labore. Adipisci ab in. Nemo aliquid consequatur nesciunt officia exercitationem quasi ut doloribus. Consequatur veniam quaerat voluptatem neque dolorem sunt aut.","price":"162.00","imageUrl":"https://source.unsplash.com/1600x900/?product","quantity":12357},{"id":68,"name":"Fantastic Fresh Keyboard","description":"Quae illo numquam numquam. Neque consectetur libero ut cumque molestiae iusto omnis quisquam esse. Ut quis tenetur tempore nemo neque dolor unde quas ea.","price":"29.00","imageUrl":"https://source.unsplash.com/1600x900/?product","quantity":15361},{"id":69,"name":"Incredible Frozen Mouse","description":"Tempora itaque labore officiis quis blanditiis est ratione. Dolore accusamus a. Sed et consequuntur et tempora magni omnis expedita. Repellat fuga hic non tenetur. Sint et mollitia cum.","price":"556.00","imageUrl":"https://source.unsplash.com/1600x900/?product","quantity":68659},{"id":70,"name":"Practical Plastic Sausages","description":"Iusto velit necessitatibus voluptatem quia hic sunt veritatis. Ad sunt repellendus hic. Rerum adipisci architecto enim impedit ipsa officiis veritatis eos.","price":"163.00","imageUrl":"https://source.unsplash.com/1600x900/?product","quantity":85049},{"id":71,"name":"Sleek Granite Chips","description":"Nihil sequi corporis et nulla omnis reiciendis. Asperiores aliquam sapiente rerum iusto quis cumque et rem. Corrupti nemo eligendi illum et aut deleniti. Sed incidunt aperiam voluptatem ducimus veniam dolorem totam tempora tempore. Et amet deleniti ea optio laborum tempore.","price":"727.00","imageUrl":"https://source.unsplash.com/1600x900/?product","quantity":88663},{"id":72,"name":"Refined Frozen Salad","description":"Sit enim sit atque hic optio omnis. Et et commodi ut nulla esse ex. Provident totam qui et id aspernatur voluptatem hic qui omnis. Assumenda facere natus quo corrupti velit. Dignissimos voluptates praesentium nesciunt ut aliquid.","price":"97.00","imageUrl":"https://source.unsplash.com/1600x900/?product","quantity":11616},{"id":73,"name":"Sleek Concrete Chair","description":"Consequuntur incidunt quaerat animi. Et excepturi eligendi laudantium officia sit maiores illo voluptas et.","price":"678.00","imageUrl":"https://source.unsplash.com/1600x900/?product","quantity":88866},{"id":74,"name":"Unbranded Wooden Chicken","description":"Ut consequatur iste autem aut alias perferendis inventore vero dolorem. Voluptas non quidem consequuntur earum aliquid officiis tempora nobis. Qui doloribus tempora officiis labore quasi.","price":"833.00","imageUrl":"https://source.unsplash.com/1600x900/?product","quantity":37091},{"id":75,"name":"Practical Plastic Ball","description":"Sint sit voluptate qui repellendus dolorem quisquam. Ut aut sequi. Et quasi amet est repellendus nisi excepturi aut et earum. Minus nobis nihil consequuntur magnam. Qui blanditiis officia libero quod ea ea occaecati.","price":"346.00","imageUrl":"https://source.unsplash.com/1600x900/?product","quantity":56436},{"id":76,"name":"Sleek Concrete Hat","description":"Itaque cumque neque voluptatem. Aut dolore aliquid occaecati. Ducimus distinctio laudantium. Reprehenderit inventore dolorum fugiat veritatis est sit. Commodi enim doloremque accusantium et quaerat. Porro architecto dolor.","price":"230.00","imageUrl":"https://source.unsplash.com/1600x900/?product","quantity":68043},{"id":77,"name":"Generic Rubber Hat","description":"Tenetur sequi et maiores repudiandae. Ut minus id fugit. Facere impedit hic id id quo aliquam et. Assumenda autem similique vel culpa excepturi voluptatum. Soluta hic et atque.","price":"924.00","imageUrl":"https://source.unsplash.com/1600x900/?product","quantity":64999},{"id":78,"name":"Licensed Fresh Bike","description":"Id corporis dolores provident voluptates. Doloribus quibusdam excepturi sapiente accusamus voluptatibus aut. Voluptas eum magni inventore iusto vitae dignissimos neque. Alias magni dignissimos illum pariatur aut quasi ut quae et.","price":"750.00","imageUrl":"https://source.unsplash.com/1600x900/?product","quantity":88074},{"id":79,"name":"Unbranded Frozen Fish","description":"Non quam similique perferendis fuga. Dolore quibusdam qui. Rem atque veritatis voluptatum. Ut harum ut minima corrupti.","price":"363.00","imageUrl":"https://source.unsplash.com/1600x900/?product","quantity":12672},{"id":80,"name":"Practical Wooden Hat","description":"Nisi sunt modi ipsum voluptatem. Facilis eligendi corrupti itaque ducimus ut ab sapiente. Totam veniam temporibus rerum. Voluptatem architecto vel error quam nihil voluptatibus.","price":"691.00","imageUrl":"https://source.unsplash.com/1600x900/?product","quantity":62925},{"id":81,"name":"Intelligent Steel Shoes","description":"Iure et itaque rem eos odit. Consequuntur libero ea. Ea quo inventore. Similique id exercitationem quidem nulla consequatur quisquam voluptas blanditiis.","price":"28.00","imageUrl":"https://source.unsplash.com/1600x900/?product","quantity":59625},{"id":82,"name":"Handmade Rubber Chicken","description":"Amet enim error odit. Eum numquam rem aperiam eum provident fugit corporis vel. Incidunt sequi magnam aut et dolores et. Repellat possimus voluptate fugiat eius. Non perferendis non qui quibusdam dolores error laboriosam labore laudantium.","price":"881.00","imageUrl":"https://source.unsplash.com/1600x900/?product","quantity":68258},{"id":83,"name":"Sleek Cotton Chips","description":"Voluptatem aut praesentium officia iusto nemo ducimus fugit eum qui. Commodi adipisci illum dolor. Similique eaque repellendus dolor neque nostrum dolorem minus necessitatibus.","price":"349.00","imageUrl":"https://source.unsplash.com/1600x900/?product","quantity":85606},{"id":84,"name":"Incredible Cotton Mouse","description":"Eos amet doloribus maxime sit. Officiis aut similique a sed alias et aut culpa. Non a quia quas sint culpa molestias.","price":"736.00","imageUrl":"https://source.unsplash.com/1600x900/?product","quantity":70461},{"id":85,"name":"Gorgeous Fresh Hat","description":"Sit maxime vero illum dolorem nihil illo quia neque. Est facilis sit veniam sit nisi aut. Tenetur est et ex ea quis illo suscipit nihil. Ea laborum consequatur quis sit. Qui et et temporibus itaque aut sint dolor consequuntur.","price":"952.00","imageUrl":"https://source.unsplash.com/1600x900/?product","quantity":23455},{"id":86,"name":"Small Fresh Salad","description":"Qui aliquam quo eum qui atque laboriosam ab aut consequatur. Sed culpa deserunt quaerat exercitationem deleniti illum. Eveniet autem vitae nam ipsa. Sed cum fuga tenetur et tenetur illum qui. Magni voluptas enim vel cumque vel adipisci vitae voluptatem aliquid. Ipsa doloribus voluptatem praesentium.","price":"404.00","imageUrl":"https://source.unsplash.com/1600x900/?product","quantity":34819},{"id":87,"name":"Incredible Concrete Table","description":"Porro est sit ipsum vitae recusandae velit et. Ipsum enim autem ab. Impedit in aut numquam adipisci sint hic. Voluptatibus dignissimos cum est explicabo ipsa iure asperiores iure sunt. Sunt deleniti et omnis odit expedita est.","price":"327.00","imageUrl":"https://source.unsplash.com/1600x900/?product","quantity":44068},{"id":88,"name":"Handmade Metal Hat","description":"Quas quas rerum similique. Magni minima laboriosam. Consectetur rerum expedita provident dicta quas repellendus sequi. Cupiditate odio natus eius vel autem non nesciunt iusto iste. Alias rerum nobis id alias officia nemo occaecati rerum. Voluptas nihil et quia dolores cupiditate.","price":"417.00","imageUrl":"https://source.unsplash.com/1600x900/?product","quantity":94951},{"id":89,"name":"Incredible Cotton Towels","description":"Animi magni suscipit. In distinctio nemo et amet rerum. Vel et aspernatur architecto amet et. Est voluptates itaque harum vel ut et quos. Dolores officia necessitatibus qui cupiditate aut et quos nihil deleniti. Et ratione cum in occaecati iusto officiis animi molestiae.","price":"544.00","imageUrl":"https://source.unsplash.com/1600x900/?product","quantity":51475},{"id":90,"name":"Tasty Metal Keyboard","description":"Et tempore aliquid quo rem accusamus. Nemo est ea impedit. Animi et vel eum quisquam. Sint fuga vel provident.","price":"964.00","imageUrl":"https://source.unsplash.com/1600x900/?product","quantity":41108},{"id":91,"name":"Small Concrete Fish","description":"Et eum minima recusandae est. Quia cupiditate et cumque vero et aut facilis temporibus. Sed et nostrum sed sed et id praesentium.","price":"638.00","imageUrl":"https://source.unsplash.com/1600x900/?product","quantity":3029},{"id":92,"name":"Generic Cotton Gloves","description":"Qui enim est. Vitae soluta magni.","price":"844.00","imageUrl":"https://source.unsplash.com/1600x900/?product","quantity":40396},{"id":93,"name":"Incredible Rubber Pants","description":"Sunt iure voluptatem distinctio animi voluptatem. Aut officiis pariatur et mollitia dolores accusamus at placeat. Aut nostrum modi qui nihil repellendus qui blanditiis ex. Qui veritatis quibusdam fugiat et exercitationem. Eligendi sequi ab odit optio nostrum nihil id fuga officiis. Ut tenetur eum fugit hic vel voluptas et aspernatur suscipit.","price":"564.00","imageUrl":"https://source.unsplash.com/1600x900/?product","quantity":37786},{"id":94,"name":"Unbranded Fresh Chicken","description":"Molestias velit atque praesentium repellat eum. Sed qui eum. Aut cumque nesciunt consequatur nihil. Culpa non veritatis iste. Voluptas ut et alias natus et culpa ut.","price":"822.00","imageUrl":"https://source.unsplash.com/1600x900/?product","quantity":68841},{"id":95,"name":"Fantastic Metal Towels","description":"Et sint neque sed in aut tempora alias. Quia blanditiis porro nihil libero. Ut dolorem delectus aspernatur porro. Reprehenderit delectus qui omnis sunt et laboriosam cupiditate. Molestias dolor et ad amet ratione non.","price":"774.00","imageUrl":"https://source.unsplash.com/1600x900/?product","quantity":69171},{"id":96,"name":"Licensed Cotton Chicken","description":"Labore autem autem labore est. Quia enim neque et. Non et nobis deserunt ullam eius dolorum architecto qui incidunt. Nulla consequatur distinctio dolorem delectus quisquam vero possimus.","price":"57.00","imageUrl":"https://source.unsplash.com/1600x900/?product","quantity":39201},{"id":97,"name":"Awesome Plastic Towels","description":"Est error fuga ut et. Necessitatibus repellendus sequi est alias rerum et. Eos consequatur occaecati vel et omnis odit distinctio ullam. Omnis doloremque voluptates. Rerum ducimus sunt repellat nulla. Libero maxime laborum velit assumenda qui beatae voluptas sed omnis.","price":"326.00","imageUrl":"https://source.unsplash.com/1600x900/?product","quantity":3030},{"id":98,"name":"Awesome Wooden Cheese","description":"Ut velit minima expedita laborum dolorem non voluptatibus ut. Ut ratione temporibus excepturi vel aut eveniet.","price":"401.00","imageUrl":"https://source.unsplash.com/1600x900/?product","quantity":85453},{"id":99,"name":"Unbranded Soft Pants","description":"Quisquam consectetur aliquid et corporis ratione omnis suscipit molestias perspiciatis. Praesentium illum amet.","price":"419.00","imageUrl":"https://source.unsplash.com/1600x900/?product","quantity":85414},{"id":100,"name":"Intelligent Steel Gloves","description":"In aperiam odit recusandae voluptatem saepe ab velit quasi. Distinctio consequuntur nobis adipisci consequatur.","price":"86.00","imageUrl":"https://source.unsplash.com/1600x900/?product","quantity":9706},{"id":101,"name":"Practical Cotton Hat","description":"Ducimus distinctio vitae rerum tempore suscipit non. Officia molestiae recusandae. Ipsam aut dolores. Occaecati optio suscipit tempora eum.","price":"304.00","imageUrl":"https://source.unsplash.com/1600x900/?product","quantity":96927},{"id":102,"name":"Awesome Frozen Hat","description":"Explicabo voluptate asperiores consequuntur consectetur tempore ipsum iusto quam atque. Voluptas non ut ea excepturi ad voluptatum.","price":"270.00","imageUrl":"https://source.unsplash.com/1600x900/?product","quantity":22030},{"id":103,"name":"Practical Fresh Cheese","description":"Quia et deleniti voluptatem quia totam vel quia voluptas dolore. Error magnam debitis aliquam expedita voluptatem numquam ipsum. Nulla consequuntur nemo voluptatem aut ex et. Voluptatum reiciendis sed voluptates.","price":"801.00","imageUrl":"https://source.unsplash.com/1600x900/?product","quantity":23161},{"id":104,"name":"Awesome Concrete Fish","description":"Aut qui illo ut rerum. Totam magnam facilis animi.","price":"879.00","imageUrl":"https://source.unsplash.com/1600x900/?product","quantity":60678},{"id":105,"name":"Incredible Frozen Mouse","description":"Quod placeat sunt qui fugit ea et. Id dolores ea iure ipsam officia. Consequatur voluptatem sapiente vitae sed voluptatem. Quae omnis commodi. Deserunt deleniti voluptatem ratione reprehenderit ipsa.","price":"51.00","imageUrl":"https://source.unsplash.com/1600x900/?product","quantity":67471},{"id":106,"name":"Intelligent Plastic Soap","description":"Consequatur doloribus nihil tenetur. Cupiditate omnis delectus iure odio. Recusandae qui accusamus pariatur eveniet odit omnis est. Temporibus autem ut voluptatem sed architecto. Iure eaque sit deserunt rerum harum non et tempore.","price":"911.00","imageUrl":"https://source.unsplash.com/1600x900/?product","quantity":68618},{"id":107,"name":"Gorgeous Cotton Salad","description":"Similique aliquam voluptatem aut sit doloribus sint sapiente. Laborum est numquam aliquam doloremque temporibus fuga quod. Libero tempora voluptas rerum rem illo.","price":"832.00","imageUrl":"https://source.unsplash.com/1600x900/?product","quantity":56059},{"id":108,"name":"Handmade Metal Soap","description":"Explicabo et repellendus aut beatae quaerat nesciunt. Rem quo beatae dignissimos. Explicabo qui earum voluptatum omnis nulla doloribus dolorem eligendi praesentium. Alias et labore nihil est aut amet. Optio quisquam occaecati impedit voluptatibus.","price":"345.00","imageUrl":"https://source.unsplash.com/1600x900/?product","quantity":32763},{"id":109,"name":"Gorgeous Fresh Chips","description":"Voluptate et nihil exercitationem aut sapiente error dolores quaerat. Eaque voluptatem est.","price":"556.00","imageUrl":"https://source.unsplash.com/1600x900/?product","quantity":82202},{"id":110,"name":"Intelligent Granite Chair","description":"Similique rerum iusto consectetur laborum. Quas aut illo voluptatibus incidunt rerum eaque inventore non. Molestias iure officia odio molestiae. Facilis iste illo aspernatur et quia et possimus ab. Dolorem quia ratione ab. Non iste dolores deserunt cumque dolores quia vel.","price":"164.00","imageUrl":"https://source.unsplash.com/1600x900/?product","quantity":72913},{"id":111,"name":"Gorgeous Cotton Computer","description":"Accusamus maxime distinctio laudantium. Consectetur repellendus odio eaque magnam. Sint fugit nesciunt sit libero rerum non ab voluptatibus. Omnis quia dolore. Quo nihil est aut qui.","price":"341.00","imageUrl":"https://source.unsplash.com/1600x900/?product","quantity":51205},{"id":112,"name":"Tasty Frozen Bike","description":"Quia id sed quisquam et id quo molestias ipsa. Laudantium vel omnis.","price":"207.00","imageUrl":"https://source.unsplash.com/1600x900/?product","quantity":25455},{"id":113,"name":"Licensed Steel Keyboard","description":"Sit et repellendus quia possimus. Iure ex voluptatum deleniti molestiae animi. Ut odit mollitia distinctio. In illum voluptatem natus ut explicabo accusantium est dignissimos expedita.","price":"887.00","imageUrl":"https://source.unsplash.com/1600x900/?product","quantity":68113},{"id":114,"name":"Unbranded Wooden Towels","description":"Corporis cum et sapiente sunt aut. Ut ut voluptatem quod cupiditate nesciunt ducimus. Ratione iure voluptatem.","price":"877.00","imageUrl":"https://source.unsplash.com/1600x900/?product","quantity":16318},{"id":115,"name":"Rustic Rubber Soap","description":"Eligendi ducimus asperiores odio sunt recusandae reprehenderit odio sunt quia. In qui sit. Aut quia autem nulla aut facilis dicta vero qui. Voluptate hic autem nihil ut tenetur placeat sint facere officia. Et facere architecto iure aut et ratione at ut saepe.","price":"793.00","imageUrl":"https://source.unsplash.com/1600x900/?product","quantity":78797},{"id":116,"name":"Unbranded Steel Shoes","description":"Quidem eligendi et saepe. Saepe dolorem voluptatem eum ullam error atque voluptas dolores. Et delectus delectus. Ullam illum similique. Reiciendis quo enim odit. Iure sed ad quia assumenda culpa aperiam.","price":"450.00","imageUrl":"https://source.unsplash.com/1600x900/?product","quantity":51681},{"id":117,"name":"Incredible Frozen Mouse","description":"Odit sint dicta maiores voluptas esse minus ducimus sequi. Quia architecto ut quas dolorem numquam dicta. Illum autem quos sapiente quod harum rerum.","price":"937.00","imageUrl":"https://source.unsplash.com/1600x900/?product","quantity":7203},{"id":118,"name":"Generic Concrete Pizza","description":"Dignissimos doloremque dicta excepturi ut repudiandae quia nobis. Sunt earum fuga enim omnis totam quia eaque labore officia. Odio voluptatem dolores aperiam sint eius iste. Quis consequatur at.","price":"859.00","imageUrl":"https://source.unsplash.com/1600x900/?product","quantity":79891},{"id":119,"name":"Unbranded Fresh Towels","description":"Nulla dolore veniam. Quia nostrum accusantium ratione nulla.","price":"484.00","imageUrl":"https://source.unsplash.com/1600x900/?product","quantity":15743},{"id":120,"name":"Licensed Concrete Ball","description":"Vel et nesciunt non cupiditate iusto qui est dignissimos laudantium. Nesciunt ut quidem et ea laborum at esse. Hic exercitationem rerum libero non officia velit. Atque sunt optio et ut atque vel illo.","price":"735.00","imageUrl":"https://source.unsplash.com/1600x900/?product","quantity":40472},{"id":121,"name":"Unbranded Metal Keyboard","description":"Praesentium exercitationem dolor voluptate. Ipsam praesentium beatae maxime sit ut recusandae dolores qui. Provident commodi qui esse voluptas aut voluptatem earum ab.","price":"898.00","imageUrl":"https://source.unsplash.com/1600x900/?product","quantity":72384},{"id":122,"name":"Unbranded Steel Fish","description":"Qui libero corrupti eum explicabo dicta ratione quasi qui. Consequatur ea odio molestiae. Quia aut et omnis vel. A exercitationem dignissimos ullam excepturi velit ad nulla hic aliquam. Eos nostrum quis debitis. Ut labore quae culpa non et.","price":"540.00","imageUrl":"https://source.unsplash.com/1600x900/?product","quantity":34328},{"id":123,"name":"Practical Frozen Table","description":"Est enim ea perferendis quo non. Ducimus omnis excepturi maxime provident assumenda saepe nulla culpa. Sint corrupti voluptas quia ut quo et qui quidem.","price":"503.00","imageUrl":"https://source.unsplash.com/1600x900/?product","quantity":25446},{"id":124,"name":"Unbranded Granite Chair","description":"Aut sed dignissimos sit eligendi possimus quis. Ipsum omnis aut totam deserunt. Molestiae corporis odit aut qui delectus nulla consequatur ex. Porro perspiciatis voluptatem ex eum quam. Doloribus ab facere quo quia beatae et aliquid ea at.","price":"887.00","imageUrl":"https://source.unsplash.com/1600x900/?product","quantity":15480},{"id":125,"name":"Small Frozen Chips","description":"Sunt possimus ea consequatur deserunt vero doloremque. Quia fugiat ut ullam nobis asperiores alias doloremque eos maiores. Voluptas officia dolorem dolorem fuga sunt dicta molestias. Esse nihil inventore assumenda quos laudantium non quia tenetur molestias. Ut aut qui impedit dolorum aut.","price":"136.00","imageUrl":"https://source.unsplash.com/1600x900/?product","quantity":96701},{"id":126,"name":"Unbranded Granite Tuna","description":"Velit at voluptas omnis error. Aut suscipit expedita aut quia cumque nemo cupiditate perferendis. Accusantium quos voluptatum quia qui. Soluta eum soluta est itaque. Animi enim recusandae velit eum illo rerum ab. Autem eveniet voluptate est asperiores sunt quis minus natus.","price":"93.00","imageUrl":"https://source.unsplash.com/1600x900/?product","quantity":81708},{"id":127,"name":"Handmade Concrete Pizza","description":"Officia est autem dolores rerum labore ipsum nesciunt. Earum voluptas consequuntur sint repellendus voluptatem natus est. Ullam ipsam est vel eaque dolore perferendis aut. Sit cumque rerum est ut et aut ut voluptatem est.","price":"830.00","imageUrl":"https://source.unsplash.com/1600x900/?product","quantity":44615},{"id":128,"name":"Sleek Fresh Car","description":"Dolore quis sunt doloremque quia. Qui ea magnam iure quo optio aliquam. Et omnis aut tempora quis earum et qui dolorem impedit. Animi facilis hic sed quasi sint ut.","price":"135.00","imageUrl":"https://source.unsplash.com/1600x900/?product","quantity":67746},{"id":129,"name":"Tasty Rubber Salad","description":"Provident enim est mollitia facilis perferendis. Sit velit eum omnis perspiciatis perspiciatis repellendus. Praesentium ut deleniti explicabo modi optio esse dolor reiciendis dignissimos.","price":"708.00","imageUrl":"https://source.unsplash.com/1600x900/?product","quantity":99143},{"id":130,"name":"Licensed Plastic Mouse","description":"Et sit voluptas quibusdam architecto quia voluptas et iure. Voluptatibus doloribus sed quaerat voluptatem consequatur. Officia quia distinctio quia ut qui recusandae. Deleniti dolores blanditiis voluptatem rerum. Vel voluptatem soluta blanditiis quam inventore facilis qui et dolorum. Autem non sapiente odio magni.","price":"739.00","imageUrl":"https://source.unsplash.com/1600x900/?product","quantity":55908},{"id":131,"name":"Sleek Soft Sausages","description":"Aut repellat nesciunt harum adipisci. Maxime quidem amet adipisci vel odit totam. Esse et occaecati enim neque. Aut nihil qui nihil qui. Velit natus et cupiditate dolorem.","price":"887.00","imageUrl":"https://source.unsplash.com/1600x900/?product","quantity":62601},{"id":132,"name":"Unbranded Wooden Pizza","description":"Quia harum tenetur sit atque architecto autem dolor sint non. Et et et perspiciatis unde odio quia. Quae sed cumque sed placeat.","price":"116.00","imageUrl":"https://source.unsplash.com/1600x900/?product","quantity":73588},{"id":133,"name":"Incredible Steel Hat","description":"Beatae qui illum consequatur nam labore mollitia. Nostrum vitae voluptas ut aut sed et voluptatem.","price":"394.00","imageUrl":"https://source.unsplash.com/1600x900/?product","quantity":67239},{"id":134,"name":"Practical Plastic Bacon","description":"Ducimus architecto quidem. Porro sunt qui. Ut voluptatem sint itaque eligendi nihil vitae atque tenetur. Iste sed quos a sit reprehenderit a voluptatem. Sunt exercitationem accusamus dolore quis delectus.","price":"919.00","imageUrl":"https://source.unsplash.com/1600x900/?product","quantity":90683},{"id":135,"name":"Awesome Soft Chips","description":"Ut quas sint aut accusantium. Possimus sint aut libero officiis unde inventore laudantium inventore. Eaque occaecati pariatur earum dolore. Ullam soluta at quam et.","price":"750.00","imageUrl":"https://source.unsplash.com/1600x900/?product","quantity":98829},{"id":136,"name":"Handmade Concrete Computer","description":"Vero vero rerum velit non. Eius et eveniet et tenetur et neque sint similique culpa.","price":"576.00","imageUrl":"https://source.unsplash.com/1600x900/?product","quantity":24672},{"id":137,"name":"Licensed Fresh Chips","description":"Voluptas cumque ut quis ab nostrum suscipit. Aliquid non in consequatur placeat. Et ipsam assumenda consequatur illum quidem. Error rerum cum commodi sed quod. Nam ut quibusdam porro consectetur animi velit dolorum ab ut.","price":"629.00","imageUrl":"https://source.unsplash.com/1600x900/?product","quantity":63705},{"id":138,"name":"Licensed Fresh Fish","description":"Quam dolorem laudantium id unde cumque. Omnis dignissimos tenetur impedit aut dicta est. Accusantium nobis non. Quo voluptatum qui. Ad qui minima et dolore ea dolorum perspiciatis voluptatem.","price":"858.00","imageUrl":"https://source.unsplash.com/1600x900/?product","quantity":10464},{"id":139,"name":"Handcrafted Concrete Ball","description":"Deleniti tempora fugiat modi. Earum et aut autem alias facere sit perferendis ratione. Atque repellendus omnis placeat reiciendis.","price":"29.00","imageUrl":"https://source.unsplash.com/1600x900/?product","quantity":2607},{"id":140,"name":"Incredible Soft Chicken","description":"Omnis aut non quia aspernatur est eum id et. Et velit et ullam enim eos sint. Sit nam et et asperiores non et qui sed. Nam blanditiis et. Ratione consequatur animi.","price":"236.00","imageUrl":"https://source.unsplash.com/1600x900/?product","quantity":65391},{"id":141,"name":"Practical Rubber Chair","description":"Expedita molestias sit corporis excepturi est vitae optio dolorem. Sequi autem aut. Doloremque repudiandae suscipit aut ut ducimus id maxime.","price":"537.00","imageUrl":"https://source.unsplash.com/1600x900/?product","quantity":81785},{"id":142,"name":"Tasty Soft Sausages","description":"Tenetur aut qui aut itaque cum qui quod itaque non. Hic perferendis animi cupiditate enim qui consequatur fuga. Quia excepturi dolore non voluptatem ut delectus reprehenderit.","price":"956.00","imageUrl":"https://source.unsplash.com/1600x900/?product","quantity":39025},{"id":143,"name":"Practical Cotton Gloves","description":"Et vero voluptas doloribus magnam et distinctio doloribus aperiam. Voluptas aspernatur recusandae sint alias. Voluptatem facere atque mollitia illum molestiae nobis quod repudiandae sequi.","price":"812.00","imageUrl":"https://source.unsplash.com/1600x900/?product","quantity":40156},{"id":144,"name":"Fantastic Granite Chair","description":"Aut natus aut qui. Sint qui odio sit eos.","price":"287.00","imageUrl":"https://source.unsplash.com/1600x900/?product","quantity":46313},{"id":145,"name":"Unbranded Frozen Shoes","description":"Labore consequatur necessitatibus odio. Accusamus repellendus corporis illo quisquam ex iste quae quia. Nihil nihil aspernatur iusto. Voluptatem voluptas officiis.","price":"474.00","imageUrl":"https://source.unsplash.com/1600x900/?product","quantity":73073},{"id":146,"name":"Practical Wooden Gloves","description":"Fugiat nam ab cum fugiat magni. Illo itaque officia pariatur laborum est nam magnam vitae.","price":"940.00","imageUrl":"https://source.unsplash.com/1600x900/?product","quantity":79228},{"id":147,"name":"Handmade Metal Computer","description":"Neque aut quasi amet repellat. Id eum ab et eligendi voluptas assumenda ut illo. Ut eius sit et dolore sequi harum commodi ex. Et ducimus ad aliquid voluptatibus quibusdam perspiciatis aut fugiat. Ea consequatur sapiente et. Accusamus fugit accusamus laboriosam fugit eligendi rerum dolore incidunt.","price":"3.00","imageUrl":"https://source.unsplash.com/1600x900/?product","quantity":5785},{"id":148,"name":"Licensed Soft Table","description":"Consequatur magnam odit eius beatae maiores officia. Est aperiam ipsam voluptate praesentium quaerat. Blanditiis placeat deserunt sed. Quis quos qui quas est consequatur autem aut.","price":"355.00","imageUrl":"https://source.unsplash.com/1600x900/?product","quantity":75431},{"id":149,"name":"Handcrafted Steel Shirt","description":"Possimus fugit vel debitis iure molestiae rerum dolore. Quaerat quas sint velit placeat. Ut dolore dolores rerum. Est voluptatem aut consectetur qui quibusdam dolores. Quam doloremque quaerat ducimus. Corrupti quia aperiam reprehenderit numquam et et omnis officiis.","price":"273.00","imageUrl":"https://source.unsplash.com/1600x900/?product","quantity":98121},{"id":150,"name":"Ergonomic Granite Shoes","description":"Ducimus consequatur molestiae consectetur aliquam ipsa. Enim commodi nam incidunt eum repellat dolore id qui. Corporis aut accusamus aliquam nihil delectus et sit. Voluptas impedit ut nihil est. Excepturi numquam temporibus nulla qui molestiae et illum voluptas molestiae.","price":"824.00","imageUrl":"https://source.unsplash.com/1600x900/?product","quantity":33348},{"id":151,"name":"Awesome Steel Mouse","description":"Nulla aut voluptatem est aut ut reprehenderit ut. Impedit sequi molestiae praesentium. Harum quia ipsa dignissimos qui. Voluptas et sapiente consequuntur temporibus fuga autem aut.","price":"584.00","imageUrl":"https://source.unsplash.com/1600x900/?product","quantity":42735},{"id":152,"name":"Incredible Rubber Gloves","description":"Est rem laboriosam assumenda fugiat fuga sed blanditiis sunt. Id temporibus cumque sapiente qui soluta aliquam error error. Quod harum laudantium consectetur voluptates nihil dolorum beatae sint rerum. Sit quas voluptatem error reprehenderit quia.","price":"887.00","imageUrl":"https://source.unsplash.com/1600x900/?product","quantity":75107},{"id":153,"name":"Handcrafted Metal Cheese","description":"Quam esse incidunt excepturi. Amet magnam cum pariatur mollitia itaque nostrum ducimus.","price":"954.00","imageUrl":"https://source.unsplash.com/1600x900/?product","quantity":26143},{"id":154,"name":"Rustic Cotton Salad","description":"Qui aut magni ut illum velit voluptatem officiis. Nobis pariatur rem itaque.","price":"522.00","imageUrl":"https://source.unsplash.com/1600x900/?product","quantity":8698},{"id":155,"name":"Handmade Soft Shirt","description":"Accusamus atque et eius sunt dolores minima odio quia sit. Non qui ut quis et. Eum commodi culpa sunt nulla dolores qui ab et assumenda. Labore odio porro nobis soluta suscipit quisquam ratione deserunt dolor. Qui sint eos illo sunt molestiae.","price":"552.00","imageUrl":"https://source.unsplash.com/1600x900/?product","quantity":70174},{"id":156,"name":"Sleek Fresh Hat","description":"Et optio aperiam est repellendus et corporis. Iusto dicta sapiente voluptas iusto. Libero mollitia et vel vel et vel eum suscipit. Vitae dignissimos officia quidem quasi excepturi. Animi nesciunt quod quisquam quia dolores excepturi est repellat qui. Cumque quisquam quidem expedita magnam libero provident.","price":"460.00","imageUrl":"https://source.unsplash.com/1600x900/?product","quantity":40462},{"id":157,"name":"Sleek Rubber Mouse","description":"Et illum quasi. Placeat cupiditate tempore. Similique quam voluptatum harum sapiente saepe et ab nemo et. Enim sit eaque. Voluptatibus molestiae corporis molestias et nam ullam.","price":"315.00","imageUrl":"https://source.unsplash.com/1600x900/?product","quantity":25990},{"id":158,"name":"Refined Fresh Pizza","description":"Exercitationem accusamus provident et. Id perferendis reiciendis officia voluptatem ex. Et laboriosam aut qui omnis. Sed voluptatem sint cumque neque ut laborum. Ut recusandae est dolore id repellat suscipit iusto.","price":"11.00","imageUrl":"https://source.unsplash.com/1600x900/?product","quantity":79989},{"id":159,"name":"Generic Plastic Chair","description":"Minus possimus similique cumque et modi laboriosam. Ab occaecati nihil tempora labore saepe. Aspernatur delectus et culpa ad voluptate impedit eius magni. Assumenda eius velit.","price":"300.00","imageUrl":"https://source.unsplash.com/1600x900/?product","quantity":35725},{"id":160,"name":"Sleek Plastic Tuna","description":"Qui et quaerat. Eos quas voluptatem aut. Non repudiandae fugit. Consequuntur nulla consequatur.","price":"322.00","imageUrl":"https://source.unsplash.com/1600x900/?product","quantity":57166},{"id":161,"name":"Sleek Cotton Chair","description":"Natus pariatur autem doloremque enim dolore. Ex unde et qui quaerat corrupti dolor eum nemo. In cumque quibusdam in.","price":"176.00","imageUrl":"https://source.unsplash.com/1600x900/?product","quantity":62927},{"id":162,"name":"Fantastic Steel Table","description":"Perspiciatis eum numquam aut non earum. Aut aut sit. Sit suscipit doloribus dignissimos omnis eligendi.","price":"556.00","imageUrl":"https://source.unsplash.com/1600x900/?product","quantity":98100},{"id":163,"name":"Rustic Concrete Sausages","description":"Fuga et quisquam ut iste. Aspernatur aliquam itaque et nihil commodi suscipit voluptas quia voluptatem. Molestiae qui nihil et provident possimus ipsam aut minus ea.","price":"374.00","imageUrl":"https://source.unsplash.com/1600x900/?product","quantity":31395},{"id":164,"name":"Refined Frozen Bike","description":"Explicabo eveniet laboriosam alias id quibusdam velit asperiores. Magnam ullam maxime est adipisci delectus quisquam velit sunt.","price":"693.00","imageUrl":"https://source.unsplash.com/1600x900/?product","quantity":10753},{"id":165,"name":"Small Metal Bacon","description":"Aperiam est accusantium nostrum et nihil qui dolores fuga velit. Aut doloribus nemo quia aut. Adipisci rerum et odit et minus est molestias numquam. Quia maxime delectus nemo earum praesentium ex sint quibusdam. Quas explicabo alias expedita sint quisquam accusamus. Occaecati rerum dolor quis eos.","price":"902.00","imageUrl":"https://source.unsplash.com/1600x900/?product","quantity":18201},{"id":166,"name":"Refined Wooden Pants","description":"Sint consequatur id sit. Accusamus unde iusto molestiae consequatur. Et illum molestiae quis et ut deleniti. Ipsam voluptate adipisci quas et harum aut aliquid aut. Ducimus rerum reiciendis est illum et ullam error vel. Aliquam vitae adipisci.","price":"594.00","imageUrl":"https://source.unsplash.com/1600x900/?product","quantity":86087},{"id":167,"name":"Fantastic Soft Bike","description":"Quia nihil aut culpa harum. Laborum illum facilis perferendis enim quisquam id doloribus ea pariatur.","price":"591.00","imageUrl":"https://source.unsplash.com/1600x900/?product","quantity":22392},{"id":168,"name":"Incredible Cotton Gloves","description":"Laboriosam explicabo accusantium nobis nisi omnis et et at. Voluptatem veritatis molestiae minus qui rerum asperiores.","price":"80.00","imageUrl":"https://source.unsplash.com/1600x900/?product","quantity":29040},{"id":169,"name":"Handmade Granite Salad","description":"Aut culpa dolorem sint qui. Exercitationem aut dolores quis temporibus voluptas ut facere quia.","price":"626.00","imageUrl":"https://source.unsplash.com/1600x900/?product","quantity":10686},{"id":170,"name":"Rustic Rubber Shoes","description":"Adipisci ipsum nemo autem sed ipsum dignissimos quasi minima. Accusamus ut cumque mollitia. Id non corporis modi. Voluptas laboriosam minima delectus sint eum quis fugiat ea.","price":"77.00","imageUrl":"https://source.unsplash.com/1600x900/?product","quantity":41302},{"id":171,"name":"Generic Metal Shoes","description":"Aut facere omnis. Nisi quaerat non ad eum laboriosam quia omnis molestias impedit. Quia aut laboriosam saepe ut non aut vero dolor. Cum ipsa cum et ea soluta distinctio ratione sit labore.","price":"161.00","imageUrl":"https://source.unsplash.com/1600x900/?product","quantity":15264},{"id":172,"name":"Licensed Wooden Fish","description":"Consectetur voluptas incidunt. Tempora repudiandae molestias. Vero suscipit esse ut ratione.","price":"459.00","imageUrl":"https://source.unsplash.com/1600x900/?product","quantity":69761},{"id":173,"name":"Fantastic Concrete Computer","description":"Optio eum minima nostrum et quas. Dolorum doloribus vel qui aliquid consectetur aliquam ducimus sit. Aut vel velit sint quis voluptas. Consectetur aliquid ut repudiandae.","price":"891.00","imageUrl":"https://source.unsplash.com/1600x900/?product","quantity":18826},{"id":174,"name":"Sleek Metal Sausages","description":"Dicta itaque quia quisquam. Voluptates dolorem et magnam consectetur voluptate fugiat reiciendis. Ea non dolorum explicabo est quibusdam distinctio quisquam. Pariatur doloremque quaerat nam voluptas.","price":"271.00","imageUrl":"https://source.unsplash.com/1600x900/?product","quantity":3911},{"id":175,"name":"Awesome Plastic Shirt","description":"Est at sunt magni vitae. Praesentium rerum laborum deserunt voluptatem eum dolorem. Aliquam dolorum error debitis fugit vitae nostrum.","price":"408.00","imageUrl":"https://source.unsplash.com/1600x900/?product","quantity":75199},{"id":176,"name":"Rustic Cotton Mouse","description":"Impedit autem accusamus nulla voluptates. Nobis dolorum nisi et. Corporis nisi veniam. Quia harum placeat esse et laboriosam quae. Qui ea officiis enim facilis adipisci voluptates optio.","price":"206.00","imageUrl":"https://source.unsplash.com/1600x900/?product","quantity":21585},{"id":177,"name":"Handmade Wooden Shirt","description":"Animi est debitis sunt. Exercitationem error quia quasi rerum sint quo omnis tempore dolores.","price":"879.00","imageUrl":"https://source.unsplash.com/1600x900/?product","quantity":35219},{"id":178,"name":"Fantastic Cotton Gloves","description":"Unde architecto nihil quia optio fuga rerum. Et neque aut. Qui quidem eum fuga nemo laudantium sequi.","price":"308.00","imageUrl":"https://source.unsplash.com/1600x900/?product","quantity":40618},{"id":179,"name":"Small Soft Car","description":"Cum perferendis porro. Enim ut inventore voluptatum esse autem dolore architecto voluptatem. Voluptas recusandae vero aliquam qui. Aut sapiente expedita quis aut est repellendus. Enim facilis dolore voluptatem accusantium dolor itaque. Autem illum voluptatem enim eveniet dolor amet nobis voluptatem.","price":"192.00","imageUrl":"https://source.unsplash.com/1600x900/?product","quantity":87305},{"id":180,"name":"Fantastic Frozen Mouse","description":"Ipsam eius et. Facilis ut vitae odio assumenda ad animi. Quidem voluptatem cumque. Ab expedita consequatur voluptatibus. Ea enim tempora rerum.","price":"275.00","imageUrl":"https://source.unsplash.com/1600x900/?product","quantity":23469},{"id":181,"name":"Incredible Granite Shoes","description":"Aliquid facilis consectetur qui. Vel vel repellat non.","price":"102.00","imageUrl":"https://source.unsplash.com/1600x900/?product","quantity":86711},{"id":182,"name":"Rustic Rubber Sausages","description":"Earum omnis et autem praesentium reiciendis nulla sed praesentium. Et cum excepturi quae est mollitia enim consectetur.","price":"334.00","imageUrl":"https://source.unsplash.com/1600x900/?product","quantity":66910},{"id":183,"name":"Generic Rubber Sausages","description":"Qui dignissimos nisi praesentium qui sint. Quisquam tempore corporis autem. Minima magnam non nostrum consequatur tempora quos nam.","price":"866.00","imageUrl":"https://source.unsplash.com/1600x900/?product","quantity":61554},{"id":184,"name":"Intelligent Wooden Towels","description":"Enim beatae ex et aliquid cupiditate ipsam quis illo. Ullam incidunt voluptatem quia labore aut quis voluptatem. Sit non laudantium officia quia aut quam nulla. Ea sed error delectus cumque ut praesentium. Et veritatis eos. Adipisci maxime cupiditate fugit delectus qui natus eum autem.","price":"367.00","imageUrl":"https://source.unsplash.com/1600x900/?product","quantity":26417},{"id":185,"name":"Sleek Plastic Pants","description":"Molestiae quidem dolores recusandae. Nobis ut dolor consectetur eum vitae expedita consequatur recusandae. Ut soluta aliquid rerum quia iusto. Itaque voluptates rerum rerum id sed qui.","price":"671.00","imageUrl":"https://source.unsplash.com/1600x900/?product","quantity":83036},{"id":186,"name":"Gorgeous Cotton Pizza","description":"Corrupti culpa nulla et non labore qui unde reiciendis. Voluptas ducimus suscipit quia quibusdam illo molestias alias similique.","price":"977.00","imageUrl":"https://source.unsplash.com/1600x900/?product","quantity":46420},{"id":187,"name":"Licensed Plastic Table","description":"Possimus ullam in ut recusandae ut in at totam. Excepturi et aut temporibus. Recusandae ea quam ea eius.","price":"98.00","imageUrl":"https://source.unsplash.com/1600x900/?product","quantity":10675},{"id":188,"name":"Fantastic Steel Keyboard","description":"Saepe quam id dolore eum. Eligendi voluptatem illum nostrum dolores repellendus delectus rerum nulla. Occaecati iste mollitia excepturi dolorem error non quia. Id soluta blanditiis dolore. Cum repellendus est ipsam eum omnis consectetur. Voluptatum voluptatem nemo fugiat qui odio architecto unde ut iure.","price":"295.00","imageUrl":"https://source.unsplash.com/1600x900/?product","quantity":61307},{"id":189,"name":"Practical Granite Salad","description":"Et consequuntur consequuntur. Qui voluptatem illum est laborum. Excepturi quam aut autem. Qui architecto placeat voluptatibus molestias. Ut fuga doloremque ut in. Et perspiciatis sit nemo ut.","price":"809.00","imageUrl":"https://source.unsplash.com/1600x900/?product","quantity":45795},{"id":190,"name":"Small Plastic Chips","description":"Sint doloremque expedita. Adipisci non et esse a repellendus enim consequatur. Sit cupiditate itaque in quis.","price":"613.00","imageUrl":"https://source.unsplash.com/1600x900/?product","quantity":10728},{"id":191,"name":"Small Rubber Tuna","description":"Non natus et assumenda repudiandae quibusdam. Inventore sed enim. In adipisci dolores est fugiat voluptatem pariatur. Cumque adipisci sapiente quisquam est magnam nihil. Aspernatur et laborum ullam quasi eos aut alias. Et tenetur iste in corporis.","price":"908.00","imageUrl":"https://source.unsplash.com/1600x900/?product","quantity":2465},{"id":192,"name":"Ergonomic Frozen Cheese","description":"Porro totam vel. Consequatur pariatur consequatur perspiciatis.","price":"759.00","imageUrl":"https://source.unsplash.com/1600x900/?product","quantity":29547},{"id":193,"name":"Rustic Plastic Pants","description":"Sapiente exercitationem ea repudiandae nihil dolores. Soluta eos repudiandae similique consequatur temporibus aut consequatur qui dolor. In consectetur quos quo ut maxime. Quae nostrum saepe aut eaque.","price":"952.00","imageUrl":"https://source.unsplash.com/1600x900/?product","quantity":84680},{"id":194,"name":"Gorgeous Plastic Gloves","description":"Qui assumenda non. Fugit et repellendus eaque eligendi ut. Pariatur necessitatibus quo aut voluptatum illum iusto dignissimos nesciunt.","price":"717.00","imageUrl":"https://source.unsplash.com/1600x900/?product","quantity":16373},{"id":195,"name":"Gorgeous Cotton Shoes","description":"Cum dolor quam veniam aut doloribus sapiente veritatis dicta consectetur. Dolor et dignissimos ut perspiciatis molestiae optio. Sed beatae quam non eum. Corrupti laboriosam id quia repudiandae.","price":"496.00","imageUrl":"https://source.unsplash.com/1600x900/?product","quantity":74861},{"id":196,"name":"Practical Wooden Hat","description":"Assumenda vero voluptatum aut est. Deleniti ipsa voluptatem. Qui totam explicabo vel eveniet et.","price":"727.00","imageUrl":"https://source.unsplash.com/1600x900/?product","quantity":97950},{"id":197,"name":"Rustic Plastic Pants","description":"Quam repudiandae quasi qui ut omnis blanditiis incidunt. Ipsam voluptas cum et ducimus. Dicta eos velit saepe nemo. Iusto nemo voluptatibus velit est et tempore. Aperiam maxime sunt consectetur ut ipsa doloribus. Necessitatibus nesciunt quam possimus quos.","price":"287.00","imageUrl":"https://source.unsplash.com/1600x900/?product","quantity":5551},{"id":198,"name":"Practical Fresh Mouse","description":"Earum at inventore optio quae illo et voluptas voluptatem qui. Repellendus ut qui eos ipsam laborum vel sit non hic.","price":"123.00","imageUrl":"https://source.unsplash.com/1600x900/?product","quantity":6973},{"id":199,"name":"Generic Frozen Chicken","description":"Quis culpa non qui. Reprehenderit delectus minus culpa. Modi incidunt facere. Nemo veniam non repellendus eos ut aut. Qui minima quae est excepturi similique.","price":"634.00","imageUrl":"https://source.unsplash.com/1600x900/?product","quantity":13730},{"id":200,"name":"Intelligent Plastic Chips","description":"Et nihil ex praesentium nulla. Ipsum dolorum dolor soluta culpa distinctio quia. Ducimus in beatae. Laborum qui officia est ut velit recusandae.","price":"841.00","imageUrl":"https://source.unsplash.com/1600x900/?product","quantity":23468},{"id":201,"name":"Intelligent Granite Chicken","description":"Eius est quaerat velit et ipsam a et numquam atque. Harum voluptate reprehenderit reiciendis dolores odit voluptatum et sunt. Quos vero ut nam quod. Inventore magnam mollitia asperiores. Ratione modi ea saepe.","price":"826.00","imageUrl":"https://source.unsplash.com/1600x900/?product","quantity":1732},{"id":202,"name":"Intelligent Granite Pants","description":"Est ea consequatur eos error. Consequatur voluptatem quia suscipit laudantium minima adipisci qui quam. Neque impedit adipisci assumenda ipsam ut. Ea repellat rem ut.","price":"970.00","imageUrl":"https://source.unsplash.com/1600x900/?product","quantity":63647},{"id":203,"name":"Gorgeous Concrete Chips","description":"Dicta mollitia pariatur corporis molestias voluptates distinctio dicta est. Est praesentium corrupti. Nesciunt reiciendis in sed rerum quo possimus vero. Fugit et illum quo voluptatibus totam odit pariatur laborum. Qui fugiat placeat eaque fuga non.","price":"26.00","imageUrl":"https://source.unsplash.com/1600x900/?product","quantity":95857},{"id":204,"name":"Unbranded Metal Computer","description":"Velit cupiditate incidunt qui et. Dicta reiciendis a. Quae qui molestias itaque vel. Illo quaerat ullam esse reprehenderit et repellendus odit. Delectus nesciunt sed. Voluptas distinctio aspernatur ipsam debitis et qui porro.","price":"361.00","imageUrl":"https://source.unsplash.com/1600x900/?product","quantity":21892},{"id":205,"name":"Handmade Soft Pants","description":"Qui eos sunt. Nisi rerum sed placeat.","price":"528.00","imageUrl":"https://source.unsplash.com/1600x900/?product","quantity":19716},{"id":206,"name":"Generic Cotton Keyboard","description":"Vero amet hic quis dolores. Consequuntur voluptatum distinctio quia dolores sit voluptas. Unde nostrum optio voluptate libero voluptas qui reprehenderit.","price":"894.00","imageUrl":"https://source.unsplash.com/1600x900/?product","quantity":33356},{"id":207,"name":"Small Wooden Gloves","description":"Quos harum voluptatum doloremque. Quia vel ipsum officiis. Laborum omnis voluptas eligendi earum molestiae. Eos et aut quis enim officia odio sed minima sed.","price":"693.00","imageUrl":"https://source.unsplash.com/1600x900/?product","quantity":26216},{"id":208,"name":"Handcrafted Cotton Table","description":"Nihil facilis sit autem commodi alias. Non libero sunt. Eligendi consequatur velit pariatur consequuntur ipsum nemo.","price":"970.00","imageUrl":"https://source.unsplash.com/1600x900/?product","quantity":68486},{"id":209,"name":"Handmade Granite Computer","description":"Ratione non asperiores minus quibusdam consequatur. Impedit pariatur quaerat et est. Quam eos veniam quaerat eos illum aut. Sit et perspiciatis iure voluptatem et laborum ex. Rerum a sunt praesentium. Doloremque minus esse magni quia.","price":"35.00","imageUrl":"https://source.unsplash.com/1600x900/?product","quantity":73477},{"id":210,"name":"Awesome Frozen Sausages","description":"Perferendis est nemo eos excepturi. A eum et sapiente at repellendus. Animi ut aliquam itaque minus reprehenderit laboriosam ad id. Exercitationem dolore asperiores. Totam amet iusto.","price":"287.00","imageUrl":"https://source.unsplash.com/1600x900/?product","quantity":72750},{"id":211,"name":"Intelligent Metal Keyboard","description":"Expedita voluptatibus a doloremque. Corporis quidem nulla et laudantium voluptatem soluta non. Laboriosam tenetur perspiciatis voluptates eveniet sint voluptatem aspernatur nam voluptatem. Non sint repellat quo cumque nihil voluptatem est id praesentium. Voluptatem ex totam consectetur veniam. Vel dolorem fuga sed placeat impedit quia deserunt perspiciatis iusto.","price":"691.00","imageUrl":"https://source.unsplash.com/1600x900/?product","quantity":56807},{"id":212,"name":"Intelligent Cotton Hat","description":"Maiores pariatur reiciendis soluta et quibusdam est dolor ex odio. Eligendi est ea nulla. Voluptatem enim consequatur quae nihil vero excepturi ipsam voluptate ut.","price":"379.00","imageUrl":"https://source.unsplash.com/1600x900/?product","quantity":40678},{"id":213,"name":"Refined Granite Cheese","description":"Harum voluptatem quo nihil rem aut aut quae ut. Ratione nihil inventore nulla minus omnis eius laboriosam.","price":"282.00","imageUrl":"https://source.unsplash.com/1600x900/?product","quantity":85658},{"id":214,"name":"Ergonomic Fresh Cheese","description":"Unde rerum minima facilis minima autem quo. Rem esse quidem eius ea amet. Aperiam qui labore ex quia ut dolores. Magni qui molestiae ducimus quia. Dolor quam ea quas sint.","price":"57.00","imageUrl":"https://source.unsplash.com/1600x900/?product","quantity":24060},{"id":215,"name":"Fantastic Metal Chair","description":"Et animi sed. Neque voluptas delectus vel est cupiditate.","price":"931.00","imageUrl":"https://source.unsplash.com/1600x900/?product","quantity":93075},{"id":216,"name":"Generic Granite Towels","description":"Eum fugit impedit. Enim modi accusamus veniam beatae cumque incidunt tempore illum. Quidem culpa temporibus nihil esse et. Sit aspernatur debitis. Ex aut omnis expedita.","price":"774.00","imageUrl":"https://source.unsplash.com/1600x900/?product","quantity":73682},{"id":217,"name":"Generic Fresh Shoes","description":"Ad aut dolore qui vel aspernatur neque cum nam. Mollitia optio dolorum cumque itaque fuga quod dolorem et blanditiis. Repellat facilis ea quia.","price":"69.00","imageUrl":"https://source.unsplash.com/1600x900/?product","quantity":85148},{"id":218,"name":"Licensed Cotton Towels","description":"Temporibus quae ea. Perspiciatis aut vel enim temporibus. Ut quia sunt maiores ipsa qui laudantium tempore necessitatibus est. Atque quas ullam placeat est magni consectetur cumque ut occaecati. Quo provident omnis repellendus illo praesentium voluptas. Dolor eius et corporis voluptatum delectus dicta reprehenderit et molestiae.","price":"153.00","imageUrl":"https://source.unsplash.com/1600x900/?product","quantity":71526},{"id":219,"name":"Generic Cotton Chair","description":"Repudiandae et eaque. Quis reiciendis dolorum dolor non. Doloribus eum et. Voluptas sit laboriosam dolorem error natus perspiciatis. Inventore dolorem sed quod et voluptatem eaque quo.","price":"820.00","imageUrl":"https://source.unsplash.com/1600x900/?product","quantity":50655},{"id":220,"name":"Rustic Fresh Car","description":"A culpa est nihil voluptatem consequatur in quasi consectetur et. Sed deleniti corrupti vel vel necessitatibus molestiae ipsa ipsa. Alias qui dolores. Necessitatibus incidunt ut doloribus autem accusamus et consequatur.","price":"223.00","imageUrl":"https://source.unsplash.com/1600x900/?product","quantity":8294},{"id":221,"name":"Tasty Fresh Cheese","description":"Temporibus molestias fugit. Aspernatur provident quod. Est et consequuntur sunt dolor dolorem maxime consequatur atque hic. Nulla dolore quis nostrum nihil. Repellendus rem consectetur sequi accusantium sed. Quo est ipsam dolores est.","price":"820.00","imageUrl":"https://source.unsplash.com/1600x900/?product","quantity":79716},{"id":222,"name":"Tasty Concrete Pants","description":"Excepturi et explicabo qui magnam. Sed voluptatibus sunt. Provident id exercitationem pariatur ab corrupti qui ad.","price":"725.00","imageUrl":"https://source.unsplash.com/1600x900/?product","quantity":9828},{"id":223,"name":"Unbranded Wooden Ball","description":"Aut itaque perferendis eligendi rerum porro natus et. Ut aperiam sit omnis nisi voluptate tempora autem esse. Maxime aperiam explicabo eligendi temporibus et nihil eum ut explicabo. Qui impedit voluptatem.","price":"438.00","imageUrl":"https://source.unsplash.com/1600x900/?product","quantity":57455},{"id":224,"name":"Fantastic Frozen Gloves","description":"Nostrum debitis dolorem asperiores cupiditate qui. Omnis omnis nam cumque aut assumenda ut et ut provident. Porro molestiae corrupti qui illo aut laudantium repudiandae qui. Et tempore maxime aut autem nisi saepe.","price":"610.00","imageUrl":"https://source.unsplash.com/1600x900/?product","quantity":17811},{"id":225,"name":"Practical Concrete Bacon","description":"Et velit et excepturi ut voluptas modi aut. Non incidunt eos.","price":"604.00","imageUrl":"https://source.unsplash.com/1600x900/?product","quantity":58299},{"id":226,"name":"Fantastic Metal Cheese","description":"Id quam fuga sapiente vel dolores. Autem deserunt sed culpa voluptatem pariatur ipsam. Voluptatem iusto assumenda provident odio incidunt non. Animi exercitationem dicta. Autem vero non minus distinctio fuga voluptates.","price":"283.00","imageUrl":"https://source.unsplash.com/1600x900/?product","quantity":40416},{"id":227,"name":"Unbranded Rubber Cheese","description":"Est quas aut illum ut aut illum dolor rerum. Accusamus perspiciatis nesciunt qui. Qui maxime aperiam perferendis sit. Praesentium eaque quia tempore temporibus. Laudantium maxime sunt consectetur blanditiis.","price":"469.00","imageUrl":"https://source.unsplash.com/1600x900/?product","quantity":97495},{"id":228,"name":"Gorgeous Granite Shoes","description":"Ullam quia delectus enim ad est laborum ea. Ab id dolorum qui eum inventore qui aut ad.","price":"215.00","imageUrl":"https://source.unsplash.com/1600x900/?product","quantity":87100},{"id":229,"name":"Rustic Concrete Chicken","description":"Eos magni vel. Reiciendis consectetur qui aliquam mollitia eum dolor. Voluptatibus molestias ut quis numquam.","price":"61.00","imageUrl":"https://source.unsplash.com/1600x900/?product","quantity":34345},{"id":230,"name":"Handcrafted Granite Towels","description":"Est sint nam quis sequi qui sit natus facilis optio. Odit qui voluptatem cumque alias. Perspiciatis ea amet asperiores.","price":"789.00","imageUrl":"https://source.unsplash.com/1600x900/?product","quantity":53375},{"id":231,"name":"Generic Granite Pants","description":"Ipsum culpa sint debitis recusandae dolore. Iure non repellat eos laboriosam aut totam. Blanditiis alias qui. Facere suscipit possimus accusamus animi deleniti. Officia atque quisquam in illum ipsam laboriosam totam. Aliquam molestiae et velit.","price":"988.00","imageUrl":"https://source.unsplash.com/1600x900/?product","quantity":30463},{"id":232,"name":"Tasty Concrete Cheese","description":"Numquam eum explicabo commodi et inventore debitis eligendi ipsa debitis. Aut autem saepe ut est quia. Minima qui labore et vero quod iure. Dolores suscipit consequatur quas et qui qui cupiditate voluptatem dolor. Voluptatem et eos.","price":"974.00","imageUrl":"https://source.unsplash.com/1600x900/?product","quantity":17163},{"id":233,"name":"Gorgeous Fresh Cheese","description":"Expedita quisquam deleniti ea qui fugiat libero nihil necessitatibus. Rerum consectetur eos illum et dolores illo qui dolorem. Quibusdam aut rem ratione similique deserunt qui. Molestias repellat quae. Saepe veniam nisi tenetur odio tenetur ut.","price":"184.00","imageUrl":"https://source.unsplash.com/1600x900/?product","quantity":67064},{"id":234,"name":"Unbranded Cotton Gloves","description":"Ut explicabo sint aperiam aut qui ullam. Suscipit aliquam eos magni.","price":"947.00","imageUrl":"https://source.unsplash.com/1600x900/?product","quantity":66143},{"id":235,"name":"Handcrafted Steel Bacon","description":"Atque omnis tempore fugit quas impedit pariatur. Eos minus itaque eius ipsa est. Voluptatibus fugit corrupti. Mollitia quia et voluptatem nobis.","price":"240.00","imageUrl":"https://source.unsplash.com/1600x900/?product","quantity":21050},{"id":236,"name":"Handmade Concrete Soap","description":"In dolores porro voluptas harum omnis error debitis quia. Eveniet ut sunt qui ipsam labore atque assumenda. Ipsam corporis voluptatem voluptas neque voluptas aut ipsa corrupti.","price":"139.00","imageUrl":"https://source.unsplash.com/1600x900/?product","quantity":55928},{"id":237,"name":"Awesome Plastic Gloves","description":"Ipsum architecto rerum labore consequuntur aut voluptatum nesciunt illum. Amet numquam et dolores est suscipit voluptatibus ullam molestias. Enim eius quia adipisci autem quod quia omnis possimus amet. Voluptates et cumque praesentium. Consequatur cupiditate perferendis quam facere error qui. Accusantium minus sed.","price":"837.00","imageUrl":"https://source.unsplash.com/1600x900/?product","quantity":4090},{"id":238,"name":"Incredible Wooden Shoes","description":"Aut explicabo sunt non consequatur eveniet neque incidunt voluptatem ex. Eos ex suscipit commodi sequi facere voluptatem voluptas assumenda. Voluptatem quo quos aut vel. Reprehenderit est harum maiores dolorem eligendi molestiae quae est atque. Et quam est.","price":"904.00","imageUrl":"https://source.unsplash.com/1600x900/?product","quantity":66589},{"id":239,"name":"Practical Metal Pizza","description":"Quibusdam voluptas aperiam illum quia recusandae ut. Quo ullam dolores voluptate eligendi. Et voluptatum nam dolorem quisquam illo ut aut. Consequatur qui quibusdam est impedit voluptatem pariatur eveniet et. Aspernatur nesciunt assumenda cum in dolor ea.","price":"162.00","imageUrl":"https://source.unsplash.com/1600x900/?product","quantity":45328},{"id":240,"name":"Fantastic Frozen Salad","description":"Doloribus reprehenderit asperiores voluptatem quisquam quo. Similique eum officia voluptatem sint delectus odio ea debitis qui. Exercitationem nisi tempore aperiam sed. Suscipit enim et dolorum sit aspernatur. Libero quos suscipit fugit numquam accusamus fugiat eveniet omnis. Facere libero sed quia aut molestiae iusto numquam rem facere.","price":"37.00","imageUrl":"https://source.unsplash.com/1600x900/?product","quantity":8368},{"id":241,"name":"Sleek Granite Bike","description":"Ex sint quis unde amet. Sed cupiditate ex eligendi minus necessitatibus sapiente ut earum. Fugit neque assumenda quos qui dolores. Et dolores et iste est rerum quibusdam. Vero consequuntur omnis. Et animi et perspiciatis officiis eum rerum debitis est.","price":"929.00","imageUrl":"https://source.unsplash.com/1600x900/?product","quantity":68769},{"id":242,"name":"Small Frozen Pizza","description":"Nemo enim voluptatem error. Et vero veniam nihil sit itaque rerum omnis magni non.","price":"956.00","imageUrl":"https://source.unsplash.com/1600x900/?product","quantity":44843},{"id":243,"name":"Licensed Plastic Mouse","description":"Dolores est et veniam doloribus voluptas iste quod vero qui. Perspiciatis et animi libero consequatur iusto.","price":"38.00","imageUrl":"https://source.unsplash.com/1600x900/?product","quantity":14179},{"id":244,"name":"Rustic Concrete Soap","description":"Praesentium sed repudiandae laboriosam aliquam. Cum est quo iure maxime amet numquam est distinctio quae. Vitae non voluptates ab atque perspiciatis. Voluptas dolorem nemo consequatur ipsum at. Sint perspiciatis non mollitia aut voluptas neque et architecto. Id aliquam et qui qui.","price":"642.00","imageUrl":"https://source.unsplash.com/1600x900/?product","quantity":6550},{"id":245,"name":"Licensed Rubber Shirt","description":"Eos quia quia occaecati nisi autem repellendus. Culpa incidunt deleniti dolorem iusto dignissimos voluptas quis. Sunt adipisci magni qui est provident aut voluptates est voluptatum. Quos quia vitae et sit veritatis consequuntur. Sint veritatis dolor voluptatem est beatae voluptatibus. Tempore et repellendus molestiae quisquam necessitatibus fuga dignissimos.","price":"711.00","imageUrl":"https://source.unsplash.com/1600x900/?product","quantity":44964},{"id":246,"name":"Handcrafted Steel Soap","description":"Ut iusto praesentium ut nesciunt quos quisquam maiores omnis doloremque. Sunt error assumenda autem provident occaecati autem omnis earum amet. Voluptas ducimus veniam molestiae ut. Molestias et eum excepturi.","price":"643.00","imageUrl":"https://source.unsplash.com/1600x900/?product","quantity":40089},{"id":247,"name":"Sleek Soft Chips","description":"Veniam qui saepe ea dolores omnis numquam libero autem non. Ex illo consequuntur modi ut adipisci dolor quas error. Sapiente omnis cumque numquam omnis in facere qui quod velit. Dolorem harum eum. Aperiam at id.","price":"148.00","imageUrl":"https://source.unsplash.com/1600x900/?product","quantity":27924},{"id":248,"name":"Licensed Frozen Gloves","description":"Vel ut sunt. Tempore culpa accusantium qui eaque totam repellendus eum praesentium sed. Quo doloremque non dolor aut sed explicabo doloremque neque. Nobis et doloremque iure at sint omnis.","price":"237.00","imageUrl":"https://source.unsplash.com/1600x900/?product","quantity":85684},{"id":249,"name":"Fantastic Rubber Shirt","description":"Pariatur architecto iure quo doloribus quo ut atque quia sit. Facere voluptatum ea sunt quibusdam qui illum labore quis. Rerum quos impedit modi id officiis aut. Quisquam qui laborum occaecati natus reprehenderit nihil minima et error.","price":"183.00","imageUrl":"https://source.unsplash.com/1600x900/?product","quantity":3426},{"id":250,"name":"Awesome Fresh Pants","description":"Distinctio ex qui omnis facilis totam. Saepe natus dolorum aut odit. Consectetur aut officiis est quasi. Consectetur illum architecto corrupti fuga ullam. Culpa cupiditate modi.","price":"401.00","imageUrl":"https://source.unsplash.com/1600x900/?product","quantity":4427},{"id":251,"name":"Rustic Rubber Shoes","description":"Necessitatibus laborum et voluptatibus itaque pariatur et laudantium atque quod. Doloremque cupiditate ea ad adipisci placeat eveniet asperiores.","price":"355.00","imageUrl":"https://source.unsplash.com/1600x900/?product","quantity":23267},{"id":252,"name":"Gorgeous Cotton Shoes","description":"Et laudantium quo dolores consectetur. Nobis commodi consequuntur libero vitae nisi et. Animi neque totam ut reprehenderit quo porro velit repellat. Ducimus quae autem est. Ut ipsa eum itaque quod.","price":"731.00","imageUrl":"https://source.unsplash.com/1600x900/?product","quantity":42003},{"id":253,"name":"Gorgeous Soft Ball","description":"Harum aut provident necessitatibus tempore ab magnam. Facilis excepturi numquam et. Illo quod nihil quia non est perferendis quaerat illo est. Et possimus est quae accusamus pariatur explicabo. Et nisi est molestiae sint quam.","price":"581.00","imageUrl":"https://source.unsplash.com/1600x900/?product","quantity":30672},{"id":254,"name":"Licensed Fresh Soap","description":"Fugiat doloremque autem aut impedit libero facilis quidem culpa omnis. Placeat nobis laborum minus impedit non rerum est non sit.","price":"58.00","imageUrl":"https://source.unsplash.com/1600x900/?product","quantity":99271},{"id":255,"name":"Unbranded Rubber Pants","description":"Quo dicta sint repellat. Non sunt est incidunt quisquam ab id. Temporibus libero repellendus. Praesentium voluptate molestiae ipsum unde dolores. Dolorem officia quidem aut et et. Aut culpa laborum.","price":"180.00","imageUrl":"https://source.unsplash.com/1600x900/?product","quantity":79579},{"id":256,"name":"Licensed Wooden Sausages","description":"Magnam ipsum rerum eaque dolore placeat at in dignissimos quidem. Quae esse laboriosam voluptatem a. Reprehenderit dignissimos eligendi dolorum facere quidem cupiditate aut. Sit nobis occaecati est earum hic architecto dolorem incidunt in.","price":"218.00","imageUrl":"https://source.unsplash.com/1600x900/?product","quantity":14774},{"id":257,"name":"Handcrafted Steel Car","description":"Ut sed iure qui. Dolorum optio vitae.","price":"847.00","imageUrl":"https://source.unsplash.com/1600x900/?product","quantity":1604},{"id":258,"name":"Practical Rubber Fish","description":"At modi facilis natus in nobis in. Sed beatae cupiditate recusandae rerum ab est ut nesciunt. Suscipit at nesciunt dolore distinctio.","price":"183.00","imageUrl":"https://source.unsplash.com/1600x900/?product","quantity":47189},{"id":259,"name":"Practical Fresh Car","description":"Id qui cumque consequuntur sapiente voluptates. Est consequuntur unde ut non hic magni ab. Maxime consequuntur neque voluptas saepe autem expedita harum enim. Iusto saepe voluptas. Quis eos illo quidem corporis. Et tempora voluptates sit excepturi officiis libero quis.","price":"512.00","imageUrl":"https://source.unsplash.com/1600x900/?product","quantity":71266},{"id":260,"name":"Handmade Fresh Pizza","description":"Quis nisi sit maiores non eum et. Quo deleniti aut ea est minus velit. Impedit accusamus incidunt excepturi est similique odit. Beatae architecto est. Totam deleniti veritatis ut aliquid. Reiciendis earum voluptatum esse et ut tempora eos.","price":"384.00","imageUrl":"https://source.unsplash.com/1600x900/?product","quantity":8094},{"id":261,"name":"Small Steel Fish","description":"Laboriosam similique animi debitis qui quas. Ut enim autem aspernatur neque consequatur facilis dicta natus pariatur. Delectus saepe cupiditate repudiandae maiores. Nostrum possimus sit magnam velit dolor.","price":"652.00","imageUrl":"https://source.unsplash.com/1600x900/?product","quantity":30631},{"id":262,"name":"Generic Metal Cheese","description":"Eos qui debitis non corrupti doloribus. Sequi sit labore sint. Odio impedit amet.","price":"958.00","imageUrl":"https://source.unsplash.com/1600x900/?product","quantity":12972},{"id":263,"name":"Generic Granite Towels","description":"Aut sed culpa aspernatur facilis in reiciendis rerum. Ipsa nesciunt odio cumque fuga qui velit quaerat. Eius fugiat autem tempore explicabo tempora quia culpa.","price":"533.00","imageUrl":"https://source.unsplash.com/1600x900/?product","quantity":4252},{"id":264,"name":"Handmade Steel Bacon","description":"Facere ut commodi qui architecto. Dignissimos et nihil ullam nostrum numquam fugiat vel adipisci. Sapiente distinctio architecto. Quia ipsum eveniet natus facere ea quisquam.","price":"303.00","imageUrl":"https://source.unsplash.com/1600x900/?product","quantity":56972},{"id":265,"name":"Refined Metal Shoes","description":"Nesciunt laudantium corporis facilis quia vero alias nulla ea iste. Cumque laudantium cumque unde cupiditate voluptas. Reprehenderit voluptatem placeat debitis autem.","price":"150.00","imageUrl":"https://source.unsplash.com/1600x900/?product","quantity":49356},{"id":266,"name":"Awesome Rubber Cheese","description":"Inventore odit dolor accusamus quis aspernatur numquam quis velit temporibus. Beatae ut facere quo quidem voluptatem sequi. Voluptas aspernatur ea animi dolorem dolor fugit et laboriosam. Incidunt corporis et et ducimus accusantium tenetur.","price":"354.00","imageUrl":"https://source.unsplash.com/1600x900/?product","quantity":36048},{"id":267,"name":"Small Granite Cheese","description":"Sit inventore rem tempore incidunt sit ab veniam. Adipisci doloremque earum. Consequatur alias consequuntur dolorem est. Rerum et non vel iste dolores quos.","price":"348.00","imageUrl":"https://source.unsplash.com/1600x900/?product","quantity":70277},{"id":268,"name":"Rustic Concrete Chips","description":"Consequatur est doloremque totam. Porro qui et.","price":"411.00","imageUrl":"https://source.unsplash.com/1600x900/?product","quantity":26634},{"id":269,"name":"Small Plastic Computer","description":"Aut sapiente tempora et qui quam itaque nam dolores. Non non ut.","price":"897.00","imageUrl":"https://source.unsplash.com/1600x900/?product","quantity":91640},{"id":270,"name":"Fantastic Soft Mouse","description":"Et impedit dolore magnam quia eos magni eos cupiditate nostrum. Nulla aut commodi. Asperiores quaerat officia in qui consequuntur in est soluta officiis.","price":"275.00","imageUrl":"https://source.unsplash.com/1600x900/?product","quantity":17606},{"id":271,"name":"Fantastic Metal Mouse","description":"A quia aut illo quia quidem perspiciatis unde eum nostrum. Molestiae qui in eum. Harum architecto eaque. Reprehenderit tenetur deleniti qui totam est iusto veritatis laboriosam ut. Cumque nisi repellendus possimus nemo.","price":"331.00","imageUrl":"https://source.unsplash.com/1600x900/?product","quantity":77799},{"id":272,"name":"Gorgeous Concrete Bacon","description":"Ut rerum in ab totam facere voluptas. Aut omnis consequatur consequuntur omnis quam libero perspiciatis accusantium nihil.","price":"852.00","imageUrl":"https://source.unsplash.com/1600x900/?product","quantity":10221},{"id":273,"name":"Fantastic Steel Soap","description":"Qui sint aut dolores alias nesciunt voluptatum nulla omnis. Ut alias quaerat ullam voluptates harum rerum. Esse error nostrum quidem autem a saepe eveniet repudiandae. Laudantium vero mollitia quo nemo aut id laboriosam blanditiis placeat.","price":"574.00","imageUrl":"https://source.unsplash.com/1600x900/?product","quantity":49806},{"id":274,"name":"Generic Wooden Ball","description":"Voluptatem magnam ex odit minus et odit. Facilis voluptatum quisquam repellat repellendus. Ut rerum quos dolorem sint.","price":"592.00","imageUrl":"https://source.unsplash.com/1600x900/?product","quantity":71173},{"id":275,"name":"Generic Wooden Car","description":"Itaque quos corrupti numquam veritatis voluptatem distinctio voluptatem. Aliquam sit aliquam. Numquam nisi ut ratione autem quaerat eos sint voluptatem magnam. Odit est omnis corporis quia maxime molestiae sint quasi molestias. Nulla commodi voluptates eum totam quisquam incidunt odit esse mollitia.","price":"411.00","imageUrl":"https://source.unsplash.com/1600x900/?product","quantity":8079},{"id":276,"name":"Generic Steel Salad","description":"Dolores deleniti laboriosam provident molestiae ratione aliquam nihil ducimus vitae. Sit optio rem quasi et. Quia et voluptate. Nisi perspiciatis qui libero sint dicta labore sequi qui.","price":"665.00","imageUrl":"https://source.unsplash.com/1600x900/?product","quantity":98285},{"id":277,"name":"Practical Fresh Chair","description":"Praesentium et sit dolor sed. Qui exercitationem rerum non. Accusantium non possimus nostrum esse harum odit voluptas error.","price":"98.00","imageUrl":"https://source.unsplash.com/1600x900/?product","quantity":293},{"id":278,"name":"Sleek Wooden Salad","description":"Et et ut veniam dolorem consequuntur impedit. Dignissimos maiores cum saepe quia quidem excepturi tenetur sunt commodi.","price":"26.00","imageUrl":"https://source.unsplash.com/1600x900/?product","quantity":26644},{"id":279,"name":"Tasty Granite Bacon","description":"Vel reprehenderit repellendus quidem eos voluptatem. Aliquam ullam a doloremque quis mollitia. Consequatur qui ex impedit repellendus. Fuga dicta dolores illo qui facilis pariatur. Dolorum natus nobis illo maxime sequi est.","price":"402.00","imageUrl":"https://source.unsplash.com/1600x900/?product","quantity":82428},{"id":280,"name":"Unbranded Cotton Mouse","description":"Dolorum vitae dignissimos excepturi et itaque qui. Et enim molestias officia esse eveniet debitis. Deleniti vel ut a expedita quam voluptates dolores harum. Ab odit ut beatae tempore et. Nam iusto consectetur voluptas consequatur cumque. Quia saepe reprehenderit veniam corrupti dolores natus vel.","price":"857.00","imageUrl":"https://source.unsplash.com/1600x900/?product","quantity":2193},{"id":281,"name":"Tasty Metal Table","description":"Doloribus quis et velit minus rerum eius occaecati. Minus pariatur ab ea dolor dignissimos. Inventore natus est corrupti illum ullam error commodi voluptatem quia.","price":"89.00","imageUrl":"https://source.unsplash.com/1600x900/?product","quantity":70392},{"id":282,"name":"Practical Soft Chicken","description":"Fugit maxime consectetur dignissimos aspernatur reiciendis et non. Facilis eos veniam autem unde consequatur sit.","price":"639.00","imageUrl":"https://source.unsplash.com/1600x900/?product","quantity":75194},{"id":283,"name":"Fantastic Metal Tuna","description":"Explicabo dolor expedita delectus minima est ut voluptates enim. Similique porro exercitationem ullam quibusdam maiores. Sapiente deleniti voluptas.","price":"378.00","imageUrl":"https://source.unsplash.com/1600x900/?product","quantity":61104},{"id":284,"name":"Tasty Plastic Soap","description":"Eos molestias in libero et est. Nihil voluptas quia. Tempore consequuntur quasi vel non iste magni ut ut. Voluptatem magni dolore eligendi consequatur.","price":"926.00","imageUrl":"https://source.unsplash.com/1600x900/?product","quantity":89148},{"id":285,"name":"Handcrafted Metal Shirt","description":"Earum voluptas minus error ea error. Exercitationem quidem labore fugiat. Maxime dolores quia ipsa blanditiis similique. Unde natus sequi quae impedit corrupti provident iusto.","price":"683.00","imageUrl":"https://source.unsplash.com/1600x900/?product","quantity":48559},{"id":286,"name":"Handcrafted Granite Table","description":"Magnam magni asperiores cum tenetur voluptatem qui non et quis. Aut quae magnam aspernatur qui totam cupiditate rerum veniam eum.","price":"522.00","imageUrl":"https://source.unsplash.com/1600x900/?product","quantity":94468},{"id":287,"name":"Incredible Wooden Cheese","description":"Quia doloremque rerum et qui. Numquam quia omnis corrupti vero fugiat. Reiciendis optio veniam quis nemo quia veritatis placeat accusamus. Recusandae dignissimos fuga non voluptates aperiam.","price":"796.00","imageUrl":"https://source.unsplash.com/1600x900/?product","quantity":28444},{"id":288,"name":"Generic Frozen Ball","description":"Et aut rem. Est nisi et sit dolores aliquid corporis porro odio. Quia aliquid id consequatur sint. Ea accusantium commodi saepe. Magnam dignissimos adipisci nihil.","price":"909.00","imageUrl":"https://source.unsplash.com/1600x900/?product","quantity":94400},{"id":289,"name":"Licensed Cotton Sausages","description":"Aspernatur dicta ullam. Facere enim quas culpa corrupti consequatur facere. Quaerat vel libero et sapiente soluta odit dolorum repudiandae. Cupiditate dignissimos reprehenderit ut.","price":"971.00","imageUrl":"https://source.unsplash.com/1600x900/?product","quantity":52028},{"id":290,"name":"Generic Steel Computer","description":"Id dolor qui velit cumque omnis consequatur ipsam qui a. Beatae quas vitae impedit voluptas dolores. Eaque ipsa ducimus itaque aut commodi et dicta omnis nisi. Saepe at enim veniam.","price":"612.00","imageUrl":"https://source.unsplash.com/1600x900/?product","quantity":4362},{"id":291,"name":"Generic Plastic Chicken","description":"Debitis qui quis quia occaecati nemo et placeat corporis. Dolorum voluptatem minus id error.","price":"77.00","imageUrl":"https://source.unsplash.com/1600x900/?product","quantity":50519},{"id":292,"name":"Licensed Cotton Bike","description":"Blanditiis molestias odio fugiat accusamus nobis non necessitatibus. Omnis ut praesentium. Quidem at aut iure sunt modi qui temporibus qui nemo. Aut mollitia aut consequuntur ad in sed. Aspernatur qui sunt eligendi. Quos perspiciatis saepe.","price":"266.00","imageUrl":"https://source.unsplash.com/1600x900/?product","quantity":25867},{"id":293,"name":"Handcrafted Metal Sausages","description":"Facilis dignissimos deserunt. Fugit ut consequatur rem nam corrupti laborum eius sed. Eligendi in consequatur cumque eligendi cupiditate aut et alias itaque. Adipisci ex neque. Consequatur at laborum sapiente odit dolores quos aut sunt occaecati. Occaecati et fugit delectus rerum est accusamus ex sed et.","price":"91.00","imageUrl":"https://source.unsplash.com/1600x900/?product","quantity":78191},{"id":294,"name":"Fantastic Wooden Mouse","description":"Recusandae dolores dolorem reprehenderit voluptatem laudantium aliquam. Voluptatem provident ut ea. Quod accusamus quia earum doloribus harum est quae error. Alias aut animi enim quis voluptatum.","price":"332.00","imageUrl":"https://source.unsplash.com/1600x900/?product","quantity":6017},{"id":295,"name":"Unbranded Rubber Keyboard","description":"Dolores est libero ex. Eum possimus nemo rerum ad maiores delectus qui magni. Rerum eum voluptatum. Et rerum harum est exercitationem placeat consequuntur.","price":"703.00","imageUrl":"https://source.unsplash.com/1600x900/?product","quantity":46891},{"id":296,"name":"Gorgeous Granite Shoes","description":"Accusamus molestiae eos perferendis qui aut doloribus. Et qui ipsum architecto vel quibusdam velit temporibus. Expedita cumque in facilis ducimus consequuntur exercitationem in fugiat. Quia dignissimos voluptas perferendis. Molestiae sed hic quis corrupti hic eos quia est. Vel ab ratione in.","price":"817.00","imageUrl":"https://source.unsplash.com/1600x900/?product","quantity":37855},{"id":297,"name":"Refined Cotton Tuna","description":"Quae aspernatur amet eveniet. Dolorem ea animi voluptatem voluptatem. Mollitia doloremque eligendi eos. Et accusantium minima molestiae eveniet tenetur perspiciatis odio aut. Maxime qui dicta neque.","price":"693.00","imageUrl":"https://source.unsplash.com/1600x900/?product","quantity":63357},{"id":298,"name":"Fantastic Soft Chair","description":"Praesentium molestiae officiis sunt nihil reprehenderit enim iste ab dolore. Sapiente qui perspiciatis quia id est veritatis explicabo. Excepturi voluptas nam enim excepturi tenetur temporibus molestiae ea assumenda. Corporis ea nisi sint suscipit. Occaecati eaque alias et ut quae dolorem dolorem culpa. Autem at debitis quia beatae amet nisi quia.","price":"669.00","imageUrl":"https://source.unsplash.com/1600x900/?product","quantity":84751},{"id":299,"name":"Small Metal Mouse","description":"Est et rem quasi quidem saepe. Voluptate quibusdam sint dolorem ad occaecati suscipit eos laudantium.","price":"115.00","imageUrl":"https://source.unsplash.com/1600x900/?product","quantity":43689},{"id":300,"name":"Small Fresh Car","description":"Totam quia aut quod rem sunt ut. Et iure quo qui sed nesciunt veniam et quod veniam. Cupiditate harum esse vitae inventore qui. Et odio non. Quaerat velit fugit aspernatur beatae aut est nisi laboriosam perferendis.","price":"18.00","imageUrl":"https://source.unsplash.com/1600x900/?product","quantity":81570}]}
