<?xml version="1.0" encoding="UTF-8"?>
<!DOCTYPE hibernate-configuration PUBLIC
    "-//Hibernate/Hibernate Configuration DTD//EN"
    "http://www.hibernate.org/dtd/hibernate-configuration-3.0.dtd">

<hibernate-configuration>
  <session-factory>
    <property name="hibernate.connection.driver_class">org.h2.Driver</property>
    <property name="hibernate.connection.url">jdbc:h2:mem:test;DB_CLOSE_DELAY=-1</property>
    <property name="hibernate.connection.username"></property>
    <property name="hibernate.connection.password"></property>
    <property name="hibernate.dialect">org.hibernate.dialect.H2Dialect</property>
    <property name="show_sql">true</property>
    <property name="format_sql">true</property>
    <property name="hibernate.transaction.factory_class">org.hibernate.transaction.JDBCTransactionFactory</property>
    <property name="hibernate.current_session_context_class">org.hibernate.context.internal.ThreadLocalSessionContext</property>
    <property name="connection.pool_size">20</property>
    <property name="hibernate.hbm2ddl.auto">create</property>
    <property name="hibernate.connection.autocommit">true</property>
    
    <mapping resource="com/database/hibernate/mapping/person/Person.hbm.xml"></mapping>
    <mapping resource="com/database/hibernate/mapping/hobby/Hobby.hbm.xml"></mapping>
  </session-factory>
</hibernate-configuration>